58635,14977,15351,15750,15000,14937,14518,15233,10205,10867,11865,10687,11738,10291,10416,8195,11719,11279,11046,12684,7854,10361,12233,14579,13056,18169,20135,16820,18604,18846,17848,15004,13440,11828,10746,9493,9983,7920,7450,10126,8110,7829,8914,8599,9653,12472,16031,14020,18642,15062,19596,20854,22849,23995,26618,22928,26046,23282,22982,23092,19754,18994,19638,16501,20594,14729,13140,17092,12001,15770,17691,18221,19415,14942,13496,15594,19560,14443,16538,18909,16232,19651,15056,18135,18763,15785,18333,22843,20537,20426,24286,22953,27374,23523,21950,21661,17563,21341,20410,20264,14877,13517,10748,12115,12561,10257,7310,11819,7354,11381,13154,14056,12819,15246,17014,16090,18854,21770,21382,19554,22464,20327,21374,18254,19929,20043,20736,18429
59148,17647,13576,17636,15250,14479,15485,10971,15488,12444,13400,9930,11731,8744,9275,10509,10092,12640,10813,10052,9441,13736,15046,14167,15018,22154,18558,20191,19417,21964,20542,20179,15116,13145,10993,14754,9955,8915,5954,8650,10038,8799,14139,13545,14398,14871,16567,15850,19147,18328,21094,25640,20171,28980,26376,23407,24665,26834,21787,22076,21110,22123,19215,18247,18096,17474,15872,20386,13638,17102,15848,19057,19930,16081,18785,16307,16370,16821,15919,17435,13889,11659,12428,17076,15890,17873,16878,17956,19496,17054,23931,21889,25047,26082,25514,21793,21725,22281,18625,15998,15492,11600,11937,12515,11233,13188,9374,9888,8850,12011,10716,12280,16944,13130,18107,21594,21238,22220,23079,18449,23040,20742,21439,19528,20907,18453,17537,17642
55687,14624,13544,16220,13933,14904,13638,14011,11887,10353,10638,10252,11943,11448,10998,13542,10049,13304,15312,12420,11931,13891,17300,15315,17782,25208,23742,22366,24349,26111,22718,18449,19765,15313,13766,12374,9646,9782,10404,8578,12699,12729,10679,14853,16519,14386,19685,16255,18814,19055,18468,17543,21235,24795,26649,23779,27563,25142,23845,21498,21635,22057,18085,21488,22705,17400,17408,16664,14511,18623,17111,17530,16607,18212,16024,14344,15015,13455,15102,15242,13454,11359,14266,14085,11521,12521,17911,15689,19615,17843,21555,21409,21115,25199,20902,21364,20298,23128,19697,17687,12306,13765,12476,16088,10617,10489,9948,10273,8616,12280,9769,15117,15774,14749,18402,18694,20474,24810,25056,22113,23718,23713,25292,20093,19628,19113,18916,17830
57185,16362,17063,15691,16891,17302,15124,15592,10580,9534,10006,9678,11721,11463,11135,7384,9657,10660,12385,13819,10238,14909,18476,16906,19441,25646,25528,24083,25306,24663,22827,26034,20997,16936,13366,14336,10596,11918,12910,11767,13265,14006,16274,17325,21875,17804,18713,17782,18838,15647,18459,20195,21036,23106,22319,20943,21099,25162,21769,23335,21973,20788,20838,21098,21756,18394,20146,20945,13893,16753,17034,22078,15604,17080,16934,14589,10811,14704,14791,13618,12180,11812,12846,13470,13446,11766,17557,16747,16505,17205,18815,22741,23280,26461,18266,21474,18363,21062,18344,17312,13966,11239,11633,16959,11518,10467,11319,8843,11291,12532,13475,12713,16468,16817,18912,20060,23304,27604,24387,23380,24523,23174,21915,21209,19131,19863,20993,21285
58138,17558,15439,20362,16482,15276,13971,15290,11366,11312,11968,10823,14210,7494,9229,10861,9431,12683,13995,13670,14103,15999,18416,18838,20597,27394,25578,26197,29866,28216,27295,25938,21817,18024,18351,16694,18053,12084,11046,13734,14796,15620,15061,18467,19178,18920,19378,18677,22218,15292,16974,17834,20947,22714,21523,20836,20887,24344,22537,20843,19966,20712,18899,20590,21324,17262,17420,17488,13216,16958,17208,17379,15778,14368,16050,12763,13175,12090,14819,13878,11735,10539,13998,11356,12054,12811,13819,14665,19076,16414,18146,20909,24729,22756,21548,23029,20757,22208,18761,17194,16349,17215,12899,16705,11719,13388,9191,12705,8767,11421,12498,12577,18068,15704,19480,23040,21445,24464,25984,24629,27120,25021,23126,23349,18223,22171,19800,22803
60263,17586,19913,18560,17826,17514,17454,17149,18770,15968,13124,12026,9746,9196,8054,9433,9520,10599,11461,10585,13879,17344,15783,20690,19825,26200,24860,23566,25002,29755,25445,27448,21141,16053,17769,18305,12774,15669,12018,15353,16128,19443,19516,20909,20365,20689,18459,15617,19965,17061,16233,17647,17811,16719,20451,17232,20072,20516,19089,20527,20727,19738,17083,19724,19199,13720,16035,17250,15594,15696,15936,19267,14870,14879,16665,14194,12026,12250,14735,9766,11770,9095,12307,11906,10093,11116,15936,19340,17654,18306,19393,19500,20730,23540,23935,22464,21325,20585,19326,19852,16321,13662,13861,12394,15603,10060,12204,10514,9919,13188,11533,14342,16666,14233,17723,20583,22129,27449,31084,27324,26368,24070,27887,19032,21041,23718,22518,18515
61027,18656,18012,21516,22660,19373,19664,16405,14617,13260,13831,9133,12357,9399,9667,9353,8165,11678,13340,12713,11803,15829,18026,19633,20852,27614,26665,25288,27699,30483,26548,25264,23614,17300,18493,18072,15208,15511,14621,18564,18556,18844,21793,19563,21045,17491,20979,20855,19518,14053,20082,14061,17757,18279,16862,18109,15346,18258,17145,17342,17133,16852,14193,18197,15496,13452,13966,15328,14288,15477,16042,16169,14945,13819,14619,9569,11826,10545,14120,11702,13252,10140,13836,13398,13452,10181,15594,14107,15897,13305,17145,18180,21985,23999,20014,22756,20316,22537,20960,21232,18096,18393,16076,18578,15749,13498,12030,9966,8709,11437,13029,13463,18949,19039,18718,22861,21020,27418,25588,25670,23182,26459,23518,22291,21041,17532,20583,20342
64432,22452,19912,20232,23792,20494,20241,16358,17442,16549,13988,9867,10918,8827,8175,8727,12293,10975,11529,12320,14969,15763,16867,17322,20134,22766,27677,25233,25975,27046,24284,23403,21552,16496,16049,17964,13403,13895,12937,14991,17732,17326,23092,20620,22824,19345,20271,18883,19194,15449,14927,14022,16205,16125,17503,13234,15768,15237,16076,14733,14444,14965,14968,15241,19536,12667,14964,13088,12274,15162,15415,16275,14901,13116,14285,12520,10061,9492,11914,12501,9959,10103,10568,11847,11223,13846,12651,13527,16233,13602,20278,21036,20184,23026,21287,21281,22987,26938,21716,22079,20009,15930,16636,15533,15942,11889,12095,13036,11359,13763,11396,16683,16119,16374,19357,21941,25380,25923,30065,25148,20906,25934,24174,18589,23515,20399,23691,21402
58839,19184,20817,26637,22764,22597,23113,18426,18512,16339,12890,12663,13009,9762,14460,11007,9323,12733,13086,11420,12129,16088,18896,17099,21203,23263,22962,21894,22988,25208,21664,23927,23348,16862,18369,15675,14210,13870,16380,15852,17707,18544,22571,19229,21241,19281,24164,17286,20079,12161,15922,13279,13360,14396,16050,13322,12201,14389,14107,12490,15915,13291,15018,14416,14119,12023,14745,13770,11472,14260,14683,15174,13280,11066,13418,9780,8405,9975,12525,9575,9375,9433,13942,9191,10972,10718,13636,15903,16085,15963,17176,17394,18386,24268,19561,24163,22668,26569,21189,23267,20399,18778,20096,21738,18863,15763,12177,10743,16217,17463,16084,18296,18259,15970,17960,23978,24984,26298,23499,24581,26319,25381,24904,21312,21224,24120,21616,20705
62932,24727,23340,25037,23673,22974,23450,19146,19276,19996,14836,13190,12534,11634,10060,9255,12092,13967,11067,16484,11868,13618,16895,13542,17501,23545,20309,17267,23990,23160,18842,23300,18002,16582,15355,18570,17198,16362,14595,15779,18693,19517,22431,19861,19905,19323,17196,16755,17231,12903,14042,12284,12337,14365,13837,11623,12809,13894,11252,13936,10857,13257,11001,14421,14974,12397,13902,13448,13150,15362,14572,17851,11588,11959,13122,12660,10098,7136,10066,9899,9371,10772,11774,12408,13135,10110,16254,15835,15337,17062,18142,18514,21199,24431,20537,23286,26142,28229,25935,26943,21897,20328,18383,22034,18739,17917,16280,15860,12536,15714,15960,18040,16818,18399,20693,21105,20977,26771,26022,22821,23837,23719,23190,19565,20584,19942,22919,19680
65534,19504,22037,24172,26598,25615,22976,19539,23245,17495,17477,13351,14821,10358,13352,11149,12143,13838,11978,13665,12540,13215,14516,12926,17301,15107,19038,16438,20097,21257,22587,21178,19019,18084,16192,19419,12806,13749,16307,17317,14964,17300,18151,20954,19108,15750,19722,15854,16742,14064,12650,13447,10095,13301,12268,8188,11157,11990,10254,12233,8974,10066,10687,13266,11184,11459,13379,13505,12830,16736,15556,15310,15611,10990,12738,10055,9453,7789,9105,10932,8045,12797,11602,10123,12632,11563,12013,15993,15733,15436,16792,14954,21591,25309,24699,24959,24735,26226,22903,26121,23764,22234,20136,21463,23091,19988,15965,16073,16746,17704,13935,19621,18491,21228,18659,22316,20464,19735,21823,20645,21165,23098,23014,20886,22210,20327,24775,21870
62207,24774,21575,27075,27480,24422,26447,20855,19798,18610,14753,15066,14426,14616,9666,15004,13494,11970,13031,12741,12315,14334,13792,11151,14828,18627,16548,17411,17085,18545,17705,18137,13917,12902,14179,15875,16479,13940,12868,13533,16003,14207,18379,19604,17900,17771,15357,13932,18752,12218,13502,9376,11849,12382,13426,9739,9979,12075,9695,10192,9584,8471,13110,10051,12146,14413,15557,16387,15727,17784,16270,14496,15913,12167,12779,10134,10115,8764,8424,11363,9643,8818,13681,13299,14457,13843,16927,14815,18373,14367,17204,23435,21723,24922,28244,25664,25055,26968,28761,27328,23757,19697,26169,24332,19785,18840,20504,19532,16375,16514,20357,18919,19221,19195,18456,21334,19150,20934,22332,24454,19957,21359,19670,18633,16906,18625,20667,19873
62342,22128,21965,25562,25440,25654,22471,23169,18120,18869,17853,15141,16788,13013,12917,12653,14857,15154,14132,14129,12724,11780,17077,13260,14271,15384,13353,14633,16663,15745,17812,16926,14460,13984,15616,18028,11981,11213,12436,11436,17387,16794,17592,17579,17346,18576,19861,15709,19087,12288,10659,8964,9009,13569,12410,9011,9100,10351,7428,9179,10721,11270,6065,10502,14516,12271,15253,15059,17309,18545,18028,17294,16645,14677,10786,7423,9592,7874,10420,10894,10708,11021,11601,17001,12252,15257,14584,16587,16175,18266,20723,19853,25288,28931,24466,25648,30283,30750,23509,27736,25707,23121,26438,24829,25515,22090,18777,21128,16235,20809,17652,19581,17212,20535,19287,19688,18439,24299,19926,18857,17371,18560,19672,16463,18031,18206,20312,22862
63097,24327,21990,23937,23761,21910,20565,21282,21940,17087,15298,14442,18613,16625,13434,15665,16230,15500,13851,15991,12057,13660,12840,12248,11084,11297,12553,13557,12918,14534,12898,13620,15900,12741,12525,14210,10118,9297,12044,13077,13226,13638,16080,14311,17090,14256,16048,16125,13639,10665,12577,8872,10712,11351,10400,7485,9528,8982,11206,8906,10381,10697,10532,12868,15590,14940,17371,19025,13902,20777,17087,17905,16362,15032,13003,11223,12247,7615,8087,13752,8420,11368,14320,15707,16165,14090,18552,18266,17073,17413,18049,20635,21798,24983,23788,26856,25703,28178,28439,29147,27812,25212,23966,28262,22779,20866,21999,22121,18196,19491,17460,21871,19851,19412,17523,17019,17315,18752,20364,17802,17046,16993,18754,16405,17968,18277,19016,20078
55657,18022,19778,21249,23296,22065,22188,18882,17749,18555,17985,15470,17169,13436,15847,16702,14113,16714,16943,14602,12367,12784,12972,9872,11345,12367,11094,8599,13884,11203,13603,16709,11052,10634,13463,16759,11332,12288,9619,12970,13325,14257,18471,17729,16034,17015,17613,13276,14758,12212,10861,9085,10851,9967,8296,8508,8811,11355,8925,10473,9444,9710,11893,14491,18402,14519,16633,18760,19440,20749,19798,20186,20138,18354,14724,12707,11181,11571,9089,13372,11154,11701,13983,12559,15887,16729,19582,16870,19302,16170,18067,19931,22833,22940,22936,24731,26768,26637,28712,29008,26982,22261,22861,25011,25134,25181,20936,22391,21809,22586,20784,18590,21029,17810,21328,18756,17430,17560,19700,18484,15812,16513,18397,16446,15741,16804,20019,21540
55658,15998,16840,18462,22035,21467,16930,20465,18566,16738,14040,17231,16876,14875,15935,16766,17462,17909,17124,17685,15337,15260,10035,9534,9141,12902,11233,7161,13755,10691,13274,11723,9793,10770,9205,11799,10436,8384,9262,8975,11674,14802,14161,17032,14044,13674,16834,14507,16316,12604,10948,10800,9560,10584,8282,4631,10829,8027,8057,9323,9377,9131,12185,15172,16111,17887,18370,21231,22739,22024,22642,24075,20764,16421,19455,14815,15776,13383,11055,11425,10834,9805,15014,17719,18185,19330,18752,20606,20911,18745,20195,19545,22099,22705,23900,22230,23842,27843,27102,26159,23184,23306,23429,24585,23029,24429,19712,22918,20956,23201,22546,21375,21351,20574,19039,19129,18043,19141,18180,14822,17850,14751,15239,13707,13441,15973,15349,18721
56480,16157,15289,17445,17655,19260,17622,16868,16508,14924,15648,15679,18167,13575,15868,16956,18372,17361,19674,17335,17316,13671,13271,10224,10617,8404,13240,7603,9342,10550,9310,12193,12263,10166,10056,9419,9271,8770,11713,7300,9793,12830,16907,17292,18586,14887,17091,13284,13533,11632,12837,7010,8816,10904,11000,6450,7401,7897,8690,9635,12778,12329,12104,16806,19710,18026,19018,23390,19314,22328,23775,26627,23639,20622,19489,17177,16653,11543,12830,12830,12145,15601,14335,18377,15665,16123,19169,22048,18591,17067,17520,19065,19951,24010,19609,21299,20487,24980,24129,20829,23186,22810,20993,27087,22911,22408,19388,22234,20012,22483,20464,21401,21573,17311,21185,20081,19375,18325,17272,15159,16336,15182,14252,13640,15160,14435,18236,17956
54247,14319,17876,17714,20334,15766,15682,13418,14712,14937,14978,15853,16524,17267,17047,17048,19051,18147,20102,14785,16771,14094,11065,11193,8993,10746,7357,8699,10605,9384,11070,11010,9924,10953,13836,12068,8749,9031,7807,10318,12690,12174,17076,13689,14791,16780,17812,16209,14872,10656,9729,7625,9632,10117,8752,5520,6759,11635,6573,9961,10050,12315,12764,15949,20255,18192,21616,22715,23138,24970,25267,26334,24956,19710,20223,18330,16904,13529,17546,16672,12350,14960,20279,22158,19910,18035,22688,21689,19529,17957,18856,19715,20140,22638,21693,22795,17534,23086,23613,23903,19686,20180,19275,24731,24657,19526,22088,21390,20868,21254,21589,21212,21953,18761,18875,16235,15409,16637,20041,14980,14583,14487,14659,12639,12799,13918,17742,19857
57626,13035,14140,16200,17319,14566,13979,14314,16159,13500,16062,13803,16413,15394,14879,16594,16944,17494,17343,17092,16616,16901,11265,12727,9800,9319,10782,7563,10134,11386,11260,11804,9623,8388,9531,13119,8906,9175,10985,10935,11118,14415,16139,16380,16704,19529,21781,17383,16745,14826,15084,5851,9211,10208,8264,6553,6207,10384,7531,9711,10365,12856,12352,13470,16073,16327,19951,24498,23833,27175,26183,27759,25412,20744,21869,16834,15140,14711,15875,16466,14448,13060,16745,17419,17095,15793,19232,17674,19513,17545,18455,15479,20336,21227,16063,19420,17742,21684,18507,20400,18925,20866,19910,21075,22386,19790,19880,20351,18372,19070,22196,21851,20548,17889,22386,19169,19769,18665,15301,14619,14381,12470,14677,12010,14655,15036,14632,17165
51615,14372,15328,17031,14375,14371,14447,14833,12660,13470,11472,15809,15811,14682,17221,12586,17409,20235,20957,19761,17375,14497,11112,10765,9557,11318,9414,7942,9477,13409,9231,11888,12886,8663,8412,10366,9916,9632,8307,9840,15820,15318,18768,17813,20885,20186,19829,19886,19515,15671,15360,11648,11416,10273,6740,7694,8027,10150,7099,6319,13818,10011,12847,16337,15799,18963,20547,23338,22475,24635,21691,27110,28527,22281,21284,17708,18970,16088,15766,15007,15779,15359,16351,18270,21091,16851,18730,19925,18611,15926,19000,17786,16278,19284,17138,18553,16077,21893,18414,16844,17317,15257,18773,20400,20188,18429,18226,18832,22392,22178,23485,22756,20776,18268,17742,19768,14496,17975,16739,12732,12648,12957,13659,11856,15110,13134,17121,16768
56741,13942,11221,14140,14788,11383,13665,12513,12644,12870,11433,12886,17297,16062,12659,16845,20227,18666,20029,19389,16713,15479,12295,11617,14236,15102,12780,9366,11458,7831,9304,10550,7621,6450,8915,8023,9463,11403,12804,14259,14893,16067,19776,21161,21710,22747,24592,21836,17947,16544,13828,11439,10714,11496,8269,5800,8791,9641,10994,9857,12949,14477,12706,19388,19680,15548,17713,22561,22291,23399,25188,25919,22046,22294,21507,20713,17688,14369,15352,17744,16822,15245,19646,16494,19766,17218,20878,18015,19571,14769,15927,17160,14740,17528,15347,17522,14652,18237,17423,14915,15785,14062,16012,17793,18065,18420,19058,20553,20769,22732,18962,20620,18880,18064,13954,16515,18189,13709,14584,11193,10853,13901,12790,13459,14136,15698,17995,15779
51087,12819,10867,15082,12656,12180,12808,11487,10817,10154,12226,14251,12677,11807,14685,15324,17357,20164,20374,20985,14957,17177,16267,15491,10788,12137,10732,8063,9371,11898,10455,8752,6766,5745,8890,10681,11589,10652,10212,14033,15190,17545,22454,23510,23249,23136,23096,23396,19710,15371,14655,11428,15469,11032,10948,9644,10022,13450,8688,9425,12498,14784,14137,13941,16612,16061,17806,19737,19399,20897,21936,24053,25662,19764,17987,17632,17486,12628,17192,15234,15151,16968,18902,15996,20303,18270,17363,20419,18515,14303,16780,15862,16046,18281,12085,16390,14261,14480,13637,13236,13668,13917,14316,16594,17807,15438,13381,17375,17160,19876,22090,19517,20210,15240,15980,14417,15013,13417,14591,13970,12451,12239,15823,10509,15855,12705,16645,15059
50051,10773,11308,11027,16683,11486,12657,10578,13327,11684,12532,11541,12994,14410,15050,15716,18662,20977,17788,19075,14831,17969,15816,14268,12191,10657,11810,8522,10094,10421,10896,9488,7717,8529,10541,13399,8855,12452,12984,14265,18123,18041,22231,24298,23855,23863,25577,24878,22250,20242,14786,12678,13814,13034,11270,10470,11551,14410,11469,10513,15224,12852,13691,17732,15600,14217,14602,17042,17841,19806,19283,27052,20614,17965,18469,16176,17975,13596,14773,14681,15212,15159,19850,19959,19360,14841,18033,16908,17656,14155,18887,13249,16548,20003,12928,13267,12918,18050,15679,11688,13111,11124,10682,12560,13582,16017,14442,17204,17752,17376,17344,18460,19898,19683,17075,14002,14442,16312,14186,12605,12350,12773,14431,11669,14911,16976,17402,13353
51336,12263,11587,12489,13439,9875,14257,12306,10796,12804,13813,11050,13592,14432,15578,12732,12575,18651,19245,17570,19236,17388,16287,13957,16096,13036,12631,9366,10268,11946,9427,12943,12244,10967,8143,11462,9939,12643,14204,14009,17625,21744,24378,22658,23952,23941,27650,21597,24157,17411,14835,14017,12730,11788,14312,13577,12835,12126,11143,11676,14808,12527,12445,14480,15582,15037,13072,15964,15346,15083,16315,20043,19233,14366,18489,15838,15983,12259,13564,13335,13107,16396,16554,19508,17639,14823,19673,22637,17774,16026,17809,14812,16892,17079,15114,14881,11787,14790,12162,13598,14022,10752,10084,15478,15754,15410,17044,16444,18918,20633,19328,20964,18139,15953,15884,13821,15199,12344,10706,11833,10899,11882,12733,12328,11677,12771,15203,17197
51302,10867,9957,12394,13682,10219,13376,15891,11369,11709,10012,10103,14187,11869,15539,14858,13017,19552,18559,16772,17726,21930,18918,16071,13756,19696,12976,10188,9934,10234,8987,10453,6796,8608,11040,10914,10753,12777,12450,15057,17930,17581,27493,20925,24049,21549,25562,22719,21725,16514,15676,14017,15259,13765,14580,13549,12406,13663,15451,15083,14399,14881,14565,12103,14198,11654,10604,12580,12016,13116,16113,20587,15484,11890,15682,8963,16261,9555,13244,17304,13123,12210,17631,17881,15649,17477,17920,15104,18057,15328,16052,13964,13439,15622,13277,12291,12211,14863,11580,13321,10943,10334,9993,12546,13233,13988,14844,17230,18291,22681,19386,19359,20296,21259,15867,16232,17056,12663,12098,10308,10839,12173,13035,11648,15110,12280,17452,14804
54595,12093,11779,12620,13836,9254,12435,9178,10719,10840,11769,11243,14382,11909,13668,14440,16399,22228,18245,19214,22598,21789,18243,18718,17172,16705,15445,11037,13898,11630,9257,10383,10629,9523,10788,11139,11110,11765,12274,15354,17669,21505,22891,18007,22159,21314,23185,20145,21314,18268,16362,13235,14192,14651,15246,12534,13831,15658,15978,15950,15656,16139,14743,16354,16516,13414,8554,13782,9862,12601,10945,14202,13466,11391,13675,11410,13987,10781,12447,12820,11228,13933,15849,16568,16484,16304,18541,15893,17863,12543,17828,14315,14226,13661,11702,13675,10593,14331,14148,13505,11478,9678,16002,13822,12856,16991,13243,16350,20233,20781,20971,21761,19847,20203,14728,19610,13653,13079,14675,12580,12791,13673,12629,15166,13048,16568,17343,18485
55399,13727,11326,12179,12941,13436,12010,11036,9553,12264,11446,10523,15613,13183,15503,15347,15170,21822,21786,20112,20310,21960,19611,21121,19980,22553,17069,12943,14866,14774,12749,10375,8181,10524,9988,11821,12635,13040,12312,14775,16161,19161,20388,17907,21299,21669,21130,19722,23048,14976,14881,13400,15201,15313,16616,15243,13546,19502,17236,18105,15467,18683,17377,14828,14814,10707,9710,8368,8574,11159,9753,10067,10515,9275,14067,9899,7625,9426,7776,11976,11372,14009,15833,17302,17223,14202,15444,15169,18930,12807,14591,13690,13917,14836,12636,16084,13171,12516,10306,10460,10484,8722,11104,17576,13640,13525,14386,18356,20289,22355,19522,21292,23019,19473,19160,19490,17150,17085,14398,12510,15364,15453,13497,12980,15601,15748,19076,20736
53988,14500,11106,11208,10909,10757,10047,9697,11503,12836,9391,11274,15924,15130,15582,15692,15314,21257,22003,21238,22186,25302,19630,19990,19336,18606,18132,13126,16822,15347,13009,16883,12449,13674,12695,15951,14506,12397,12186,15052,14345,16032,18020,18521,18487,19670,18544,16032,16083,16531,14511,11877,13116,15055,13912,16214,16103,18666,17038,19267,16388,19821,15626,17092,13294,11054,8947,10591,8843,9972,7603,10296,9813,8589,9799,12132,9445,11404,8762,13845,10625,13144,13847,15872,13526,16053,16068,15408,20065,15273,14104,12883,13800,14238,15025,11156,12252,12611,10642,12295,11508,11114,13591,11833,14476,10400,18632,18131,20425,23575,25012,24989,25407,24800,19982,24706,16825,15340,15019,15380,13055,14194,15132,14018,17787,18316,21040,16913
55070,13676,10543,14758,13684,13089,10890,10829,12612,9821,11246,13388,15862,16244,15660,16171,16266,20944,22162,24703,22158,21830,22526,23203,21264,23895,21097,19148,17775,20641,14555,16763,14231,14805,12230,12372,13712,12845,12560,14156,13988,16552,15266,14853,18701,14895,16889,17137,16059,13342,11624,11980,14931,13734,16559,13722,19637,20232,16738,19239,19971,17386,17674,17216,15415,11952,11193,8616,9272,8128,6836,10004,8098,7356,7504,6610,8200,11246,9534,10591,10897,13035,14325,17767,17489,15630,17686,16921,16512,17384,16782,12699,13812,16780,11255,12129,10841,12290,11320,9385,10656,9794,8879,13624,13493,16519,16251,19022,20204,27045,22389,27823,27180,28767,20300,20946,19555,19096,19068,16178,14769,14733,17322,19715,15440,18198,20116,19973
55150,15621,11550,12756,10147,11122,10358,11910,10620,11260,14093,10986,14909,15339,13968,15565,19516,20911,24121,18992,20991,25757,23784,22026,22725,24598,19164,20858,19025,18569,16921,16648,12997,13500,11195,13608,12462,11046,12812,14341,12874,18204,15421,16520,15551,14718,16836,12930,14839,9701,9673,8749,12980,13996,17571,15427,15025,18550,17210,18899,22833,19630,16262,14728,18942,12683,10283,9471,7839,5778,6383,8272,8118,6656,8706,8262,9037,6278,9107,12413,10731,10785,13531,16670,18407,18138,18442,17174,17170,16460,15650,15908,15148,12588,12754,12641,10980,12250,10462,9102,10163,10065,10476,16636,12522,16274,16676,21233,19304,23955,25893,28357,26626,26655,24533,26566,21396,19073,18862,17325,16617,17472,20293,19695,19796,20364,20131,24098
56561,15933,15517,12633,13610,13120,10873,10847,11755,11746,14246,14624,17166,16199,13207,16727,17271,20581,23856,19051,20264,20230,21106,21574,20221,22687,23040,17316,19895,21662,16411,18366,18259,15502,13106,16155,14407,10130,12501,14488,15678,12702,16135,13246,14410,11370,13615,11158,10536,9734,8962,9951,11825,11350,13689,15556,12589,15845,20114,18347,19812,20899,16610,14800,15397,15868,11360,10442,7485,7892,6152,9002,8639,5520,7070,6467,5696,6866,10790,12863,12579,14537,15070,19308,19840,18623,19032,18873,19219,16541,14957,14508,16902,15891,14768,10529,11157,13477,10316,12280,9839,9996,10737,13559,13063,16102,13100,17822,22658,24877,27481,26297,28053,28983,25909,24949,21873,21274,20237,18630,17973,20006,20812,20439,19648,23690,22503,23491
57952,16957,13688,13813,11578,10392,11531,10784,13732,13792,14318,12527,18748,15629,17769,18703,18484,19411,18356,20235,17099,19835,21218,18774,21609,22228,24700,18016,21534,18411,16505,22892,16707,15616,15113,15393,13792,12695,13843,13354,13523,12685,15115,14085,14560,12464,13900,10215,9551,7177,6897,7252,10867,11172,13701,13821,15844,17147,15634,20692,22145,19850,19526,17076,17397,13852,10383,8887,5971,9137,7140,7865,6959,5902,9587,3744,10635,8183,8494,14578,11066,15344,17157,19787,18663,17471,23061,21055,20981,16991,16028,14555,16532,15580,11732,12305,12320,14602,10266,12260,10254,7308,11971,13668,13631,13446,14972,22237,21165,23961,24730,25707,27443,26402,27699,22839,22351,21849,24105,18194,20013,20682,21922,22518,20562,25334,26474,22376
58914,16876,13583,14829,12133,14035,11849,13079,12428,13123,16170,16023,17466,20499,19629,15808,16519,19154,18643,17264,21578,19760,17556,17344,21975,24655,20347,17213,20238,21514,17859,17329,16028,13863,12436,16308,14414,12477,11516,11150,12603,11625,14437,10748,11992,10071,15805,9348,8062,10265,8755,4005,11833,8366,12719,10249,14651,17109,18932,19166,19143,17649,17131,18487,17072,11168,13368,8023,8795,5957,8208,10337,8530,6477,8830,7295,6073,7114,10023,12844,10730,12388,17468,18385,22694,18791,23873,24496,19057,19485,16023,16856,13471,18341,13263,12730,11465,11624,12289,12469,10990,8076,12797,13138,12765,16153,13154,18156,21126,23655,23732,25774,24738,26614,23741,27444,23269,20444,20415,15068,18107,20131,20488,23051,21038,22019,22587,23674
61297,16181,14828,14076,13285,14564,11141,11270,13679,13911,14482,15813,19657,15883,14135,15623,17062,15914,13847,15611,13658,17643,16964,14478,17219,20743,19862,15542,17493,19550,17851,15992,15040,14898,12698,15028,13230,10349,12234,11002,13349,9794,12439,11752,11426,9427,12809,8621,8202,7146,6796,4232,8677,10795,11290,14238,9749,18017,18193,16323,19782,18610,16417,17941,16081,13369,11593,9079,6890,6071,8099,8538,8215,7230,8952,7319,6821,10934,9824,13027,13419,13147,18671,20871,24661,22341,25716,24225,26953,21125,19523,20528,18380,18554,13670,12742,10620,14509,11217,13640,11665,10403,9704,16175,14021,12428,14164,18266,16877,18878,21590,21715,24768,24697,22539,23586,18723,21164,21027,19902,19431,20782,20229,20009,20846,23025,28779,21818
58664,19312,11980,13081,10831,14076,13169,10856,13216,14999,15722,16571,20491,15003,18069,13929,16612,20546,15681,16874,15006,17321,15561,13950,14372,17641,18777,13925,18238,18628,13242,16274,16321,15721,10099,13258,11338,13185,11040,9725,14165,10754,9875,6700,8091,11669,12368,8171,8018,6026,8363,3745,5385,8803,12426,9224,11916,14563,15311,17388,20086,18507,18451,18448,16887,13636,12719,10527,9028,7106,9393,10552,8128,8503,9100,6405,7985,7639,9464,14187,13705,18352,17620,21392,22980,21476,27261,28974,25318,20926,20313,20598,15572,19178,14110,15966,12412,16093,14283,14664,12331,11104,14047,14671,13523,16426,14188,13221,15289,20345,18541,21172,24413,20865,20333,20117,22881,20637,18950,19297,20051,17537,21078,22964,24056,24701,25137,22598
57747,17929,13730,16213,12225,12574,12465,12822,13616,15943,15489,19028,20378,15885,17706,14148,15041,13979,14205,12455,13196,10673,13715,12424,15195,15212,13333,16449,12760,15460,11621,13437,13963,8820,11879,11844,10794,9511,9385,10444,11306,9278,11917,9486,9483,10668,8605,4933,7331,4934,5697,6522,5589,10115,11358,9666,9973,15173,15553,17337,17747,20714,16657,16107,17753,16411,14716,12104,6577,9505,10041,10194,9297,8387,8474,8240,7476,10157,13207,13152,14041,13919,19678,22390,24786,24373,27127,27073,28413,23560,21357,21119,16837,16625,16923,16957,12588,18225,11864,16437,14962,11088,16177,17729,15997,13174,13421,15314,14221,14465,15366,18361,20270,21229,17574,19256,18539,18531,21465,17803,19650,20510,22855,20126,22427,23774,25204,22711
60826,15980,13586,15234,15528,14788,14662,13334,14188,15785,16446,16185,17922,19559,16842,15160,13843,16084,12515,14832,12800,10118,7930,11084,10053,12488,16857,10684,13852,14050,15020,11818,14107,13220,8363,13016,9794,7809,10113,8478,11858,10242,9481,8487,8093,7414,7771,5587,5292,4013,6154,7904,8983,10299,9865,9682,12783,14445,15952,15635,16357,19819,18625,18582,19444,14500,13591,13826,9548,14055,10870,13715,10355,9812,12914,7886,10721,8704,13221,12970,12865,15232,18899,24194,25267,22607,25489,26664,27657,23815,23497,19925,18537,18454,15452,15597,14067,20084,17011,20560,16120,14342,16315,18471,13723,15971,14485,12974,11801,14653,15013,20135,18367,15269,17480,17521,15050,18864,16365,17365,15030,18990,20600,19739,20786,25839,21868,19297
55803,17767,13723,13442,14958,14204,12605,11832,14678,15466,16433,14975,19555,19067,15712,16022,11708,13773,11077,13155,8961,10212,8906,8810,9720,12446,12436,10686,10840,11070,11558,14550,10359,9546,9098,14023,10273,8301,9144,9877,11630,9113,9475,6501,6134,5519,8311,5200,9498,6050,5149,3948,4852,7944,10085,8391,11209,13541,13745,18512,17278,22407,16357,23252,17192,15169,15534,17089,12643,13353,11709,11598,14757,12299,11224,10549,11009,9986,10607,16218,16338,14666,18199,24238,24620,23249,26043,26030,23589,18668,18839,18394,20250,17242,14544,15598,14084,18204,18788,17883,17526,14824,19444,19879,18006,16220,13295,15534,13462,16583,13835,12842,16710,14919,16107,14007,15327,16685,19333,13736,17723,19111,21164,17335,16985,19839,21913,19448
59941,13005,13980,14878,16019,11099,13285,13711,12398,15085,16764,18307,15702,13500,13281,13137,13503,13267,13545,11741,9998,10007,9530,9699,8623,9967,8491,10795,10965,11222,12169,12734,10240,7680,8203,11369,10274,8949,9581,8455,9075,9522,10084,7246,9227,5628,8764,4308,6370,5907,5933,4907,7450,10983,9885,8818,12075,15295,15268,15101,16799,19094,16147,21447,21408,19703,16346,15465,11716,14345,16103,17128,15290,10034,12583,11702,9773,9514,11253,15099,12154,16018,17293,21905,21643,21678,23655,25919,24392,19739,18137,22329,16435,20531,14960,14509,13882,21386,16325,18718,17794,16974,17769,21760,16727,20035,13487,14310,10070,12101,13214,13404,12128,12484,12343,13054,13553,13908,14979,15692,13192,20284,16078,14797,20751,22223,22917,21914
55254,13418,12047,15760,12947,12355,9494,10975,14180,13797,16392,14585,14804,15353,12259,11644,12900,15952,10546,9951,8490,10807,9371,6083,8736,10925,12342,9149,7389,9680,12718,13524,6947,13412,9039,13905,9870,10138,10803,8507,9690,10723,10055,5919,8180,6313,8484,6977,7274,7101,5143,8331,6241,10317,11922,11077,11715,18174,14512,17781,18661,19365,18636,21422,21494,19038,18225,17445,17403,16168,16264,16114,17228,11462,15919,14320,12981,14551,12577,12448,17603,13991,21681,21267,19823,18783,21198,23379,23483,16614,17664,17465,14285,16004,15147,18127,13286,18002,18845,22914,19422,21459,20379,21297,19568,20820,16931,14184,11077,11646,8595,12200,11755,10071,8949,12178,9712,17783,14146,15126,13329,19006,18034,17848,16150,20285,21074,16539
55198,13995,13175,10913,12628,10269,14951,10335,14199,14150,15297,11757,13414,11691,10976,11476,13171,11815,10862,10206,8190,7926,5141,6008,6533,9338,7846,8919,12012,10237,13960,11130,10403,10636,12580,13446,12976,11575,14639,13044,11841,11528,9493,7895,7980,6270,8400,5968,7460,7116,8275,6588,9866,11402,13239,10135,14968,14110,16476,17532,18747,22557,18930,21205,21597,20530,17516,18568,17890,17088,20229,20905,15347,17062,16120,15370,11513,11079,14494,15271,13664,14725,20180,19672,18435,16716,18172,19062,19208,16152,17929,15224,16057,18527,12519,15753,14205,19557,19890,20883,20273,19752,22545,24022,23744,17417,14955,13992,9835,12746,12582,9492,12001,8586,9999,11006,10682,13685,10771,13543,14624,14551,17633,15811,16780,18536,21040,16233
53182,12713,11347,14190,14847,13548,10202,12886,13852,13412,13152,15820,11924,11910,11296,9819,11473,11449,9687,9957,5379,7480,7830,7543,7079,8883,8145,7011,8688,9991,10545,9812,12227,10954,12809,17459,13944,14091,15570,10394,13393,12518,8851,9308,8002,7781,8743,4789,10892,7138,6851,6930,12130,14430,14548,13848,13342,18082,16926,19078,20671,22705,18306,19306,22499,19471,19825,21473,19305,20362,22136,26354,19718,18468,18710,13328,13753,14889,17410,14807,12044,10583,16545,18542,18684,14604,20761,15868,16531,11991,17370,14620,13286,15171,12259,15254,15956,19746,22176,20036,21506,22265,25377,23938,22951,18748,17127,14377,11007,13654,12021,11835,11182,7006,8632,9805,11196,13190,12744,11048,12236,15293,16091,15209,16766,15836,16445,16104
54493,13966,14085,11912,15087,11082,9455,10003,10868,8782,12751,11689,14162,11544,9172,11975,10622,12512,11878,7977,8871,11978,6217,7639,5961,10629,8288,8528,7785,7681,9676,9907,11041,12582,13896,15432,16655,16901,18379,14124,13569,15610,13264,10603,10730,7410,10258,7038,9201,7186,10181,10059,14695,15938,18029,11282,15201,20101,16915,16472,17707,19617,20150,19701,23217,21653,19854,20855,17689,22037,21112,19747,20437,18282,18224,18089,13735,13281,12539,15141,11752,13502,17024,15855,14072,17418,16614,14953,14004,11428,12159,13764,10363,12985,10911,12333,13885,18635,17940,19726,22246,22302,22733,22827,23733,21448,14925,17756,14365,11811,10153,10341,13328,6711,8168,11321,10467,10724,10823,9409,12581,11504,15805,12042,15255,15556,19435,16790
55026,11527,11912,15024,14106,12185,9963,9240,8854,11539,12485,11781,11520,12232,10028,9013,9685,11387,10111,6281,4714,4828,7136,7487,6775,8544,8022,4878,8946,11496,9662,13351,14554,13979,17588,21306,19421,19579,16130,14888,13584,12251,11110,10288,10414,7204,12249,7724,9654,7955,7419,10179,14774,13331,12923,14919,16068,15841,16941,17630,18816,21215,18233,20746,23401,17430,18724,22793,19969,21248,21672,20700,23543,17280,19164,16614,13806,13822,15632,15054,15621,13770,15127,15591,11620,10720,13510,14193,13009,9340,10078,10042,9128,13292,9362,14475,13131,17334,19669,21085,23424,21704,24961,20002,22727,17903,15075,19926,10837,15165,9398,12923,10887,7775,7567,8114,10231,11140,11796,11259,15783,12285,14114,14672,16678,16298,18614,14930
54494,13354,13261,14052,12446,10002,12983,12206,10640,9735,11847,11066,16400,10858,11971,9546,10495,9477,9482,7940,6911,4920,5993,2251,4665,7382,7270,6826,8226,11247,10908,15287,15176,16483,17974,20416,20321,18744,20449,20100,18658,15241,15827,11558,10053,7985,8562,7823,10693,11256,9429,11407,13917,18576,17338,14348,17872,18023,18379,16439,17790,20251,18989,20980,17834,19279,15858,19366,18062,18947,18957,20171,18327,18532,15397,18069,17625,13474,12447,12841,9618,12383,12679,13046,10855,10345,12989,9542,11643,7632,7780,9250,9270,11650,11845,11914,11272,19089,18907,19393,22082,19593,21805,24059,23902,21195,16966,18773,10635,14270,9429,12823,14124,10441,12339,10251,9133,10474,12848,11264,12833,11599,13953,13529,16182,21465,20993,19031
53476,14769,12565,14548,12681,11466,9599,10350,12664,11867,11417,13091,11133,11021,11530,9469,9004,10468,10741,6717,3535,5658,3699,3797,3812,11441,8467,9378,9124,14311,11282,18322,17596,14015,20574,22699,23957,26712,21531,19745,20213,18355,15969,11645,11843,10526,9113,11033,11215,9629,10415,13692,15651,15348,21204,13390,16878,16839,14587,14703,14607,17046,15258,15725,17599,15656,17075,17654,15511,18494,17389,18291,19731,17558,20576,18828,14775,11384,15450,11421,12280,9775,13731,13330,12121,11438,12841,10452,12099,6505,8262,7267,4988,8574,9890,8522,12062,15487,16926,17643,20490,21213,24165,20196,21434,20533,17839,17841,12716,14903,13145,13596,16264,6599,7389,9973,10475,12450,13104,11312,11839,15608,14115,15898,15598,19101,18568,19674
54130,15775,15857,15140,14709,12891,11127,11000,13718,14860,15331,16808,15628,12542,12845,12639,11253,8432,6618,5951,3657,6596,7944,6192,6224,4992,6074,6683,9288,10677,13509,16139,16919,17193,20465,23950,21839,23010,24117,19614,21171,17115,16326,12983,12776,11129,11436,10855,13908,12468,15028,11354,20167,19387,19348,16834,15999,19106,16330,16349,15863,16948,11358,19932,15270,14668,14243,13658,13389,15977,15110,17931,17967,16740,15135,12925,17399,13161,11711,13246,10428,13724,11991,13798,13638,9329,10357,8798,11913,5679,7106,6427,7922,7959,9098,10012,12479,14678,14832,19798,16997,18441,18355,23220,20018,17163,17428,17637,13299,15897,12970,13353,14178,8839,12910,11306,10920,10062,13298,9222,11506,13624,14056,16099,13483,19419,21501,19661
59397,12695,13145,16206,14626,12364,12866,14977,13556,12045,14785,14367,18964,13942,14516,10972,13679,11033,9302,6523,6147,5376,5577,2845,3283,11664,5400,8198,9723,14312,11368,14867,17206,18544,17573,24376,22238,22890,21835,21456,21167,18332,17881,14595,12298,8854,15420,11442,12321,11260,14177,12299,18123,19041,19310,18595,18663,20657,17939,14097,16197,13740,14113,13459,14796,10799,13821,13702,12900,14725,15316,16341,14996,14676,17055,14252,15849,13079,13306,14128,10488,11902,13016,11960,8826,7982,10817,9016,6996,4673,7858,7260,6781,11454,8765,9068,8927,13360,12979,17106,19570,20316,20269,20099,18923,18924,17160,16322,14174,14734,15670,15540,14594,11713,10258,13441,10000,12168,10401,12771,13442,13500,15773,17913,17531,21202,19445,21567
54710,14958,12609,13392,13293,13891,13749,14089,15928,16980,16465,18869,18856,16335,17922,12438,13062,10358,9744,6713,5220,4321,5836,5234,5941,8066,9116,6718,9357,9757,13913,17518,14193,17068,20356,19865,20151,19885,21694,21463,19866,17962,17544,14940,14899,11959,13800,13302,16198,13607,13575,14802,16501,20609,20257,17225,17299,18010,14483,15304,15908,13175,12940,11551,12916,8664,10460,13596,11699,15198,13465,14628,14166,14895,14656,12231,13833,11241,12693,11685,10607,12628,10279,10443,6906,6591,10710,6099,8359,7366,4864,6306,6292,7474,7383,9545,12394,17080,13579,18612,14981,17086,22160,22079,21591,19033,18818,16285,18236,13567,13525,16307,11260,12157,13709,13961,12875,13126,14497,12671,11337,12392,15858,16351,21883,19207,21816,21372
55946,12193,12766,16043,13135,14269,14386,14638,16203,19337,20966,18171,21142,18570,18957,14092,14380,13477,11126,9417,7959,7419,4608,5026,6656,9054,9979,8045,10593,11417,11915,13785,17074,13460,18181,20932,20721,18750,21095,19049,19667,17154,16718,11461,14210,11400,13939,12880,13351,13814,15864,12547,18103,18698,17352,18151,16722,18266,12870,12711,13570,11880,13687,11047,12666,9017,11036,9735,8808,10878,12831,12830,11674,13109,12357,12887,13663,11133,10618,11923,9149,8881,14350,10999,9791,7534,9478,7282,8884,4458,5432,5521,7357,11588,8406,10292,10752,13109,15108,18336,18407,17449,19760,17932,20961,20410,16255,16974,17661,18893,17647,16707,15556,13504,14060,13688,14413,14149,13057,13471,14431,13646,14188,16329,16884,20550,18852,21143
53226,11323,11239,11526,13577,14082,13636,16531,19449,17620,20994,19152,20951,20530,19258,16472,16911,14501,12712,9382,6288,9772,6499,6661,5873,11131,8685,9083,11635,12111,12246,13555,14987,13912,15967,18424,18372,17186,15841,16431,17422,18344,14813,14414,13015,7544,14057,12145,12029,10892,11777,11609,14915,18065,16468,15869,13865,16535,10676,15791,12714,12981,10539,13104,9842,7077,9417,9363,7294,11607,9501,11845,13923,8766,11382,10701,9262,10138,9670,11316,8905,8954,11127,8774,9355,6873,7462,7285,7779,7020,5507,7120,6689,10578,7937,7653,10680,14653,13174,14411,14773,16098,19065,22915,26120,20984,18690,20893,20491,17858,20715,15643,19429,15633,16563,16116,15392,16603,16182,12287,13965,13162,12941,15007,16419,13407,19844,18002
51171,10405,10951,11629,12643,13236,12470,12808,17051,18342,19693,20121,20470,17719,19591,16972,16332,16040,13377,11431,7528,9480,8177,6679,7392,9438,8672,10294,12427,12136,10746,10516,11571,12995,13755,15439,13665,12335,17161,16338,15209,11892,14599,10508,10914,8070,10266,9978,12680,10310,14086,12167,14182,16150,13471,12563,14030,11690,12948,11376,11450,10744,9374,8940,10648,6991,8297,6029,5934,7888,7022,10832,10005,11796,12569,11118,11891,11120,13515,10280,10785,9332,11862,11169,9055,7207,7934,10938,7804,3610,5908,5812,6452,10708,7227,8766,10510,14414,13271,15836,17589,18816,22659,23004,22541,18114,17081,19244,18340,16393,18179,20371,19499,16722,17563,15633,17713,17409,18220,14262,14280,14711,14234,16778,12359,15209,18437,14737
50249,13033,9577,10330,10595,10592,15630,13015,14619,17729,19198,19890,21687,22300,18014,14324,15217,15065,15231,11647,10039,9645,9001,8589,11355,12522,10571,7707,10490,10820,10321,12090,10659,10053,10529,13346,13588,9631,13502,13851,11136,12535,12966,10069,9589,7985,9233,8332,8471,7528,13605,11229,14737,15362,15744,10878,12251,14507,11431,13277,10503,10414,8670,9450,8152,6451,7920,5790,4563,6603,8664,8144,10691,8644,13267,12814,11606,13857,12725,15622,13181,11757,12588,12027,12378,5728,7360,6808,8983,5200,6238,7064,7539,10508,5472,9068,9990,13816,13993,14923,15287,16408,17073,22476,21451,22087,17157,19796,17569,19626,18728,18842,22950,21245,18213,16953,17443,22237,18386,15235,18116,14446,15100,14475,16233,15078,16880,16718
49317,8920,8858,9815,10384,12156,13885,14051,17275,16224,18612,16752,20376,20115,17895,15849,18061,14624,13688,12058,11374,11466,7813,9887,12918,14691,11510,10988,11837,13548,11709,12854,9375,9134,10903,10914,11656,7828,7834,12662,12217,9474,9258,8744,6658,6726,10238,9904,9269,11188,12327,8512,13468,13585,12295,9099,10766,12700,10104,10862,9166,8314,8234,8138,10354,5296,5309,6409,5405,7387,6322,11835,11061,8134,11129,13647,14684,14979,13062,15025,12230,12065,12683,14576,12013,9942,7944,7845,8268,6049,6338,7623,8993,10781,9039,10800,13139,15631,16892,17358,18806,16871,18135,24681,20718,19277,19125,19578,19003,23064,19031,23299,22984,20800,21374,20780,18592,17731,15970,17639,17290,15888,16691,14602,14507,16648,12984,10890
54803,8404,12444,10193,13375,10182,11367,13833,14858,20193,19019,16970,18737,20659,16813,18176,16071,16249,14767,13244,10109,11603,12340,11450,13379,13646,14036,10295,10926,9974,12264,9454,8136,9244,5923,11728,6786,9090,10055,9107,8219,6766,7600,7193,7344,4631,9377,8767,6532,7770,8656,9868,10959,10637,11048,9335,9066,13985,6665,9616,5928,7101,10185,6602,7847,6961,8247,6903,4037,8299,9886,10802,9977,9813,11712,12959,15231,14927,17102,18078,15569,14693,14878,14345,12286,9698,14137,11396,8732,7099,10526,8859,10324,12651,11164,12460,13891,15298,16756,18775,19540,18687,19885,21151,21602,18723,19940,16153,19017,17067,18017,21360,23021,21788,21784,21686,23138,22604,19793,18145,14664,16884,14020,14346,14513,16553,14845,15399
48826,10169,7699,8541,10293,10765,10470,10068,10227,14171,17972,17257,16568,17449,17139,16642,18336,18869,13541,14227,11708,14514,10971,11573,13938,15432,13451,11375,14311,11029,10221,12638,5944,5718,6097,6642,5670,3573,4179,6032,5206,6494,10566,5221,8224,6091,6877,5796,9623,9413,7942,8226,11726,11883,11934,10681,9688,11907,10020,7269,6520,8885,7573,4963,8648,6239,4982,5066,6595,7608,9060,6971,12740,8010,13500,14683,14550,18450,21106,19713,20021,17255,17252,16036,13322,12813,13179,9067,10019,5565,7773,9745,9541,12395,15537,14611,13436,17227,17935,20972,17507,17957,19550,23995,21489,21762,19375,21826,17196,22200,22600,25420,22499,24624,23484,22658,21541,21064,20983,19961,16619,17440,13578,12324,14793,14250,14940,15798
53501,9500,8399,12751,9424,8937,9104,8314,11635,13589,14441,14395,18222,15519,17293,15064,15314,16062,13400,12600,10008,12129,12886,12723,12545,16870,17266,13449,16988,12964,13257,10947,10681,6909,8234,6750,5169,3204,5979,3813,5225,4434,4897,6150,5698,5025,7683,8247,7805,6053,10354,4703,12052,9684,12754,10208,8982,7988,9591,6715,6788,6742,6896,4677,7528,5565,7480,7486,4231,7164,6681,8872,9794,11050,15923,16044,16611,19098,20469,23094,22399,20984,22142,18472,14230,10931,12931,12573,13963,8938,10589,9602,8502,13521,14770,13239,11987,15718,17307,19653,22224,17064,21948,18449,22215,20022,17415,16692,16792,19106,18713,21905,23953,22512,23841,21279,22840,24399,22965,20013,20177,17767,17023,16889,14717,17301,14875,15495
53314,11721,9765,9673,9843,9058,6855,9038,10909,11444,12401,13106,16782,16893,14433,12830,15641,14093,12674,12955,12238,12176,14648,13425,13246,17291,17904,15233,20597,14989,15797,12025,8900,7958,5487,4909,4193,2393,1552,2388,5950,4944,3549,5518,8387,5697,6458,8294,8017,10235,11452,7293,12506,12448,10847,9020,8285,9624,7113,5960,9032,6869,4894,6252,8532,5808,6097,6099,5617,7745,6570,12049,13671,10918,16879,14287,19939,22819,23124,21704,23073,19439,20024,19386,19488,12176,13589,11981,10780,10242,13897,11156,12644,13633,14275,15787,14376,20421,21157,19190,16940,17710,18109,23901,17658,20634,17714,17756,20029,20067,21833,20137,21181,20544,26682,21383,24346,24411,23387,18612,22888,16129,19484,14172,13094,13461,14561,14557
55454,10962,10747,8959,13800,9507,8585,9039,10857,10148,11642,11443,14434,13345,11437,13650,9807,14377,10149,11111,11410,12697,12209,12906,16802,16486,19447,14004,17764,16808,11906,14816,9680,7395,5199,6870,2074,3006,2813,3765,4643,4432,5737,5166,4066,5947,10292,9775,10334,7652,10311,9897,15574,12089,13632,10287,8808,12716,7481,7468,4798,8946,3856,5811,6918,6894,6080,5014,3541,7337,9600,10730,13935,14605,15892,19063,20386,22310,24897,24179,22982,22671,24712,22668,20963,15225,15066,10780,13129,11706,11349,12712,12003,12994,16133,15959,15036,20583,17350,16776,18140,16988,16330,19762,18307,17720,14103,14131,15078,18581,16179,18561,21464,21630,23981,21462,23883,20784,19721,19190,18547,20096,20084,14639,17205,16906,17927,14061
52606,11579,8118,8460,12087,9589,8613,8853,8885,8171,9393,9926,10963,11373,11847,9144,10251,10403,11536,10370,10931,9373,10620,11620,12395,20394,18857,17465,17640,16033,16013,14750,10503,5346,4929,6081,2889,2049,2415,3618,3032,3528,3079,5966,8489,5592,9326,9020,9554,8481,14644,10252,16268,14136,15307,13240,14601,12429,10085,6544,7488,8923,5723,10030,7066,5715,4285,5819,6087,8457,6215,10466,10720,12995,19124,15502,20463,20929,24126,24915,25021,22649,23412,21325,17751,20328,15021,14214,12630,10351,12192,11553,14209,16814,14108,17985,16867,17860,18722,18243,16607,14815,17563,18537,15206,16204,12075,14798,12453,17630,17888,17401,20432,20641,21052,19789,18940,22745,20013,22048,18332,16895,18546,15910,16108,18197,16401,11897
55489,13140,9058,12473,8642,9158,8203,7798,9114,7705,9402,8151,10685,8594,7922,5847,10311,10462,8834,9585,8161,12881,10972,11652,16440,18991,17585,16486,19085,17525,15634,13970,9024,7257,4580,4143,2378,1986,2370,3002,3788,4002,8436,3798,9352,6003,11706,8786,11895,13155,15396,14196,14452,17259,16899,14445,12196,14055,11272,8024,8297,7684,6557,7564,6836,4548,4800,4972,4449,7541,10435,12368,11854,12498,17856,15298,18378,19524,22465,22846,25805,22403,26096,23507,21709,14764,15900,16410,14438,14136,15037,11575,14511,15544,16568,18916,18460,19546,19290,14983,17649,13618,15929,18825,15752,14443,13574,11518,15007,14599,12532,17848,17137,17183,17419,19302,19103,21646,17015,20605,19956,15601,17186,17454,14376,15504,14767,14564
57195,10834,10082,8520,11144,9671,7404,8376,6483,7068,6089,8915,10317,7688,8643,6918,6382,9811,10951,7457,7037,8938,10349,12463,14100,19226,19473,17038,18219,17152,13560,15631,8980,7034,4675,6993,1568,0,841,1191,841,4262,7012,5018,6681,8078,12114,11122,14785,13303,15039,12495,19045,21191,19135,19350,16945,16264,12171,13369,9013,8191,4406,8199,9298,7965,6761,8092,8926,8592,9189,13001,15772,10281,14110,15567,18626,18574,20312,22933,22403,23648,21736,19911,18717,14631,13877,12065,15691,13386,15046,14146,14626,17562,16677,18951,19375,21240,20255,19269,17249,16331,16408,16123,14360,11865,11686,11467,11880,13326,11773,16038,16021,16458,19999,16700,18501,19302,20201,18080,18297,16528,17336,13425,14220,14811,13648,15375
55685,9518,9565,12489,10062,9663,7806,7465,6179,6636,7045,7078,13242,6340,9037,7808,9056,9264,8407,7917,5761,10835,8260,11454,13307,16681,16158,17638,19287,18362,12056,14463,10346,8007,7074,4714,1821,315,1075,4412,319,3199,6824,4882,6316,6423,11803,10624,13084,12868,14685,16718,17511,24389,20057,19463,15332,18260,14614,12036,8874,13625,6693,7625,8415,8002,7333,8464,4349,8671,7744,11385,13014,11127,13967,11802,17761,17483,19774,22785,16305,19068,23003,19557,18848,15635,14894,15292,14255,11129,14133,13500,15117,15264,17186,16631,17939,16634,21338,19393,17022,13364,13777,13527,14658,13135,12606,10899,9529,12825,12813,12090,15309,12629,13543,17698,17727,20829,14960,20016,15617,15886,15368,14535,13858,16622,13274,14668
49052,9752,9336,11369,9503,8003,7347,8304,6831,7690,7135,6405,7679,7104,7010,5087,7815,7556,7190,6957,5697,10343,9103,10430,11576,14768,16322,17090,20003,17918,16216,18941,11401,9954,7888,3980,2047,2385,3513,3738,2492,3978,6307,4145,9444,8507,10596,9522,14388,15326,14968,15959,19711,20513,20471,19137,19005,19145,16443,10950,13560,11037,10304,11158,9143,9453,7885,9415,9779,8729,10084,11790,9773,10531,15161,12421,13331,14045,16084,17320,17606,19057,18380,15436,15653,12370,11121,15798,11842,10668,14379,12987,14531,17189,17074,18656,13253,15995,17100,13649,12001,13272,12336,16546,14740,13166,10687,9718,10036,14591,11498,13901,16984,16309,15426,17737,15125,19837,16533,16260,14711,15004,16032,14528,15351,13275,13610,15754
53683,8762,9520,10172,9254,8010,6137,7863,6330,6449,6751,7784,8291,5955,7996,6299,8364,8856,7036,5185,7284,10544,11042,9703,11493,21711,16139,18707,20102,18222,16499,16162,10020,12495,6853,7367,6303,2637,5097,1915,3553,3550,7945,4204,6015,6913,10115,8336,14522,13792,15802,17031,22303,22377,27163,20958,17875,20342,14415,13002,11974,10647,10799,9443,13616,11093,11920,10486,8983,10323,10430,14139,10359,10996,10714,12212,12311,11674,12479,15719,13762,12944,15906,12590,13646,13835,12428,12398,12155,9739,12599,11757,12695,17078,14750,13485,14371,17288,13841,14261,12508,8925,15003,15328,10427,10720,9769,9069,8158,12613,10068,11193,13353,13378,12657,15265,18075,17134,15128,15832,15358,15001,17947,13861,12286,13259,13986,11731
54115,8986,10068,11721,8955,6632,8105,7415,8568,4314,6309,6286,10975,5776,8117,4831,4505,4154,7261,8728,5577,7222,7765,9249,13319,17831,19738,15164,20855,18045,18826,17236,12242,13386,6230,5692,6187,3308,3237,3842,1884,6307,4920,5528,6783,7415,9647,10129,14030,12057,17128,18533,21844,21998,23444,19355,22263,18404,16036,13853,14638,10828,10208,9988,11140,8672,10298,11175,9933,11615,9610,10177,13619,8950,9524,9891,13375,9753,10193,13473,10896,11825,13479,10981,12029,9757,10668,11182,10849,10450,13911,12068,13628,14656,14059,13498,14514,14142,13608,13540,11350,10398,11602,14704,7821,14028,9943,7428,10252,13227,9842,9783,14598,10711,13491,15595,14459,17285,18931,17717,16011,17511,18011,15185,14953,15565,14633,10942
51445,8130,10098,9122,10723,6662,7777,6586,7244,6145,6853,6066,8250,4723,6964,3835,6824,7172,5663,8114,5725,9074,7838,10662,13224,18127,18915,17872,19494,20667,18080,17709,15390,13471,14393,13417,10180,8593,5417,6276,6280,5614,7534,5132,7734,6080,11300,9793,14619,15109,14602,15871,18245,22574,23795,19385,16019,19533,16071,14373,13472,12760,11024,11194,12886,10444,11694,12295,10512,13590,14588,13597,12661,10429,12722,8138,6221,8567,10217,8671,9007,9261,10911,10646,9012,10199,9975,11363,10995,10932,10649,9726,16183,14434,13285,12639,13116,15882,16286,12820,11837,8979,10316,11163,12365,9838,8903,8818,8439,10328,8137,9354,10347,10814,14212,14679,17335,17365,21708,18564,17894,17323,17536,15905,14296,15964,14252,14583
49627,7585,9668,14112,11728,9796,9702,7298,8230,5718,8846,5918,7414,3917,5856,5140,3334,9237,8592,5801,6123,9624,9627,10481,11395,15302,19254,18853,19928,20353,17847,18060,15758,14141,13160,10869,8496,7050,6802,4628,5187,8984,7110,7348,11961,10084,14480,9572,13835,12410,13630,15260,18715,19922,20114,15580,18300,19081,15231,15230,12484,10536,11540,11736,14258,12672,14649,16889,14033,15572,14012,15211,13688,11123,7911,7723,6926,5359,6074,7264,4547,6638,6677,5701,7866,5278,8684,10143,13275,7467,12257,10695,11611,15241,10556,14568,12759,14362,12090,10834,12256,9602,10256,8639,9962,7727,9574,6957,9027,9554,9181,10527,13856,10603,12561,12907,15165,19737,19245,19348,18976,19709,17200,16332,15680,16402,14768,15973
49750,8898,11178,10008,12227,11009,9239,7870,8455,7797,7638,6834,8753,5889,4438,4521,5690,10685,8657,9137,9153,9858,9981,10624,12827,16216,17947,16056,21505,21882,17466,21517,19000,15332,12500,12821,11909,8964,9631,8988,8253,8209,10664,7129,11910,10946,11833,11222,12702,11113,12864,16702,16218,14636,15478,15463,13544,14199,12582,11220,11645,10395,12431,10593,13600,11639,15745,16277,14879,13587,13259,15165,14998,12428,10270,8305,6174,2701,3989,7647,4244,4997,6688,6965,6578,6883,11939,8931,9646,9123,9979,10315,10245,15367,12095,13068,11520,15377,12440,13323,11695,8000,7308,10328,11902,8799,8900,8005,8808,7706,8779,9744,11451,10726,11953,16873,17112,20750,20134,19399,19081,21029,17783,18415,15150,15054,14229,12994
51152,11462,8799,13418,12771,14722,15714,11389,11178,8330,7951,7159,7124,5780,6544,5093,4377,10071,9311,8941,7772,10900,11360,12794,12601,16908,18234,15785,18504,20722,21222,17651,15334,19881,13862,15306,11628,12470,12683,9477,7916,8855,11732,9136,11153,11169,11344,7832,11309,8428,9731,9581,14836,16361,18006,12879,12198,12835,12675,12386,10726,9850,9204,12594,13115,12389,17746,17910,14133,14951,17163,15632,16179,11306,11375,6464,6775,5670,3858,5190,4614,5131,5509,6500,7784,8382,8653,10179,9697,7060,10268,11840,12383,13980,11750,13731,10360,14548,10073,10484,9196,9450,7558,11822,9102,9106,7028,6780,7608,9235,9380,7673,11625,10844,12284,20164,17152,21778,22509,19927,22776,21340,20353,19209,17284,14820,13934,17830
54655,12513,12846,12853,13931,13949,11426,11589,9992,10239,9351,8722,9300,6162,5079,6293,6276,10489,8518,10616,8829,9649,11035,11531,14637,14963,18463,13976,20279,18887,21172,21477,21746,17414,17194,16914,16328,11722,13673,11913,12599,12825,10152,10037,11545,9386,10534,9775,8001,9784,9982,10120,12972,12342,11980,8410,9158,9312,8694,9018,7497,8666,8451,11069,12651,14670,14457,17953,13633,18042,18897,18241,13072,9726,12155,7369,4560,5895,3748,5079,1852,1591,6765,4815,6177,5758,7952,10284,7604,7976,10874,10657,13897,16584,11695,12151,14436,14965,13413,11511,8861,7523,7704,9914,8213,7534,7135,7302,7904,8567,7029,8418,8983,12926,15116,18819,15627,24283,23133,21459,22618,21081,23048,19132,19629,17825,19101,12239
53413,12831,18614,18680,18855,16824,14930,14225,14343,14370,9597,5885,10941,5030,5240,6446,6370,10336,9339,9419,10079,13007,10579,13634,13305,19162,16212,15359,17980,18908,18767,18852,15098,17290,15375,17204,15654,16134,13788,13885,11701,13439,13950,12836,11379,11577,10253,10528,8847,8707,9582,9130,9464,11202,11930,6513,7438,10928,6918,7869,7008,8497,9121,8687,13865,11717,14740,18051,16043,19946,19690,18365,17332,11207,10872,7316,5362,3312,2991,5176,1057,5396,5365,7934,6254,3709,8271,9958,9348,10481,12122,11313,14274,17941,14724,16805,13921,14724,12300,14460,13031,9902,10429,12075,8546,6310,6732,6288,7066,8119,8639,8746,12144,10729,10645,16135,16363,19669,20375,21050,20768,24214,20497,21827,19863,17890,19282,17613
52300,13974,13445,21189,17995,18734,17591,14452,14060,13365,13153,8846,10793,7026,5231,5864,8114,9272,8538,9873,12230,12590,12527,13689,14830,16366,14724,15300,17876,16907,19378,18701,19431,15962,14474,17582,19102,15726,13337,13755,15805,17473,15022,12247,11701,11989,11059,8713,11590,8825,7446,7211,8900,9743,8283,5516,5689,7799,5766,5741,5244,8485,7898,8725,10944,11837,14379,16059,15207,18376,17778,18363,14051,15373,12386,6303,7206,5436,7069,4029,4308,5606,5804,4821,5773,6207,8750,9211,8643,11293,10667,12318,15988,18878,16603,16615,16047,17171,17094,16276,12501,8891,9993,11504,10649,8220,8681,8719,5983,9479,8528,11434,10383,11697,14552,19123,16934,20874,20554,18444,19503,20355,23517,18747,22334,20249,21178,18341
56463,16715,19442,19567,19417,18779,19470,17242,15618,16143,13265,10784,14402,10098,8850,8353,8650,16011,11296,11696,11404,13554,12273,12224,13154,14897,14628,11621,14676,14074,15462,14688,18408,11281,13106,14520,15462,12862,15656,15028,15523,13188,13680,13255,10220,9426,11661,6954,9312,7863,7795,7639,8982,9304,8782,5516,5710,9431,4212,4085,4051,7554,5723,9214,12086,12641,14272,14628,16298,16022,17114,16948,16106,12467,12938,6447,7035,4523,5391,4061,4664,5093,6676,7099,4986,6837,8162,8062,9615,8286,12195,17893,15869,21271,19194,18575,18516,20976,17734,19331,13360,12396,10954,11434,9352,9068,5499,7141,6899,9140,8597,12412,11705,10263,12392,14651,17131,18776,19708,20120,20172,21577,19803,21036,19742,18092,16780,19392
55400,18085,20190,18437,20491,18596,19824,19025,17164,13576,13289,13425,11646,8226,8130,9678,8771,11158,11460,13976,9685,12435,14864,15185,14450,17464,16328,12749,15055,14286,15399,14075,11436,13784,10559,15067,14255,15299,13849,13982,13563,14234,12998,13899,14504,8868,8918,7252,7706,6399,6477,5946,8011,8287,7334,2611,4659,5896,4128,7114,5843,7365,7071,10300,11239,13026,14289,14312,15284,17294,16076,16771,15216,15588,11831,6148,8445,8061,7871,6418,5095,3163,5217,6227,5922,4648,7913,7250,8837,8683,11865,15624,16109,20382,18765,20702,21089,25356,19456,19007,13656,15986,13836,14559,10663,11378,6527,9933,8794,10149,10235,12825,10655,10058,12495,13424,14601,17609,19463,15475,15885,19386,21843,18601,18122,17866,18449,19392
58787,16920,15762,23918,22424,23063,22728,18362,19874,18516,14947,13496,12115,9071,7227,8697,8748,11248,11251,13757,13473,13489,13706,13316,13953,19399,14785,15090,14107,13573,13731,13251,9711,10474,9754,17502,12811,9228,13018,11021,12665,11849,14007,9952,11719,9394,11202,6594,8818,6378,3669,4488,5322,7911,4270,4197,3347,6831,3285,3564,4076,7683,4468,6291,12780,8247,12354,17014,14530,20613,18388,17544,16577,12671,12035,11202,8623,6848,6485,7389,4542,4766,5064,5575,6866,5542,7135,7691,8513,11588,13222,18334,15127,24165,23146,23809,21672,23688,21819,19023,18442,13303,15271,12558,12826,11187,9903,11373,8675,13035,12498,14346,13593,11850,14044,13470,11209,15181,17055,17365,15789,16813,18967,14344,16378,16651,20741,16718
54212,16829,15203,17541,18451,18430,16899,18483,19080,16561,15291,11048,11131,11108,10915,7117,10836,13200,12772,15163,14494,14899,14223,15948,17273,17467,13704,11871,10824,10863,11688,10836,10328,11160,9217,12167,10240,10651,11421,11086,13756,11251,13528,11394,10047,9761,9018,6270,4578,3658,5142,4857,3151,3860,8324,1810,5649,7280,3482,4264,6058,6910,6898,10152,12240,8991,12174,17941,14737,15028,15221,17804,14852,13137,14095,9900,9284,7201,7984,6180,6606,5692,7104,4749,6396,4442,7715,8872,8640,13094,11944,14610,20188,23937,21693,22032,23462,26074,22769,24065,17861,14218,14387,16238,12626,13382,11908,11994,13708,15242,13454,15452,16150,10453,12281,11531,11458,16327,14823,14390,14893,15631,15192,13831,15281,17270,17784,16228
53694,15499,17101,20309,19000,19614,18176,16326,15171,14094,14202,11112,10608,9960,6934,9812,10200,14876,10710,14349,12481,15408,15268,15705,14986,16895,11692,10051,8711,9775,8084,11630,8671,7842,6995,10745,10470,10115,13970,9176,10065,12626,13623,9575,15294,6577,9809,8565,6899,3690,3274,973,4417,2563,7457,2612,3666,10406,2680,5333,3975,7453,6370,7632,9882,11104,10693,15175,17001,17843,18316,17259,15239,12857,13021,11061,11113,9571,9302,8548,8811,8546,8664,10262,7290,5497,9665,7132,11171,10020,15257,14299,19543,23132,23877,25053,23445,22625,21048,20234,17075,13381,14498,15175,13631,14225,10682,15991,12514,13954,12172,17107,15408,11371,13076,11916,12456,12235,11784,10351,12650,13209,15183,12101,13493,15451,18412,14778
53411,14846,15709,17007,16264,16545,15180,12171,14840,14163,12084,8173,9933,4669,5736,3758,8352,13524,12524,9405,11414,15745,14371,13657,12998,16192,12104,12523,7835,8788,8923,9888,7418,6232,6857,10716,8932,6616,6496,8610,10022,10303,12218,8646,8755,9162,8302,6073,4794,3231,4640,3919,4774,7682,6667,3414,4205,8304,4860,6245,7255,5502,4919,10311,8893,11544,10929,16002,12065,15913,17644,17629,16505,15390,14306,14844,12506,10263,10139,10894,10573,7651,9202,10340,7936,7427,5881,13231,12639,8868,12535,14750,16921,19440,21122,21529,23415,22988,21019,20939,17000,14353,15667,15488,12225,12026,14397,14177,13951,16209,16205,16371,16240,11737,14305,13970,12547,12938,14159,12312,10869,14269,13294,11765,16153,15174,16396,16824
50590,15781,13990,15595,15869,13541,14667,11870,12390,12928,8446,9969,10072,5471,6512,5820,9216,12809,8783,10420,10728,11983,13790,14605,12581,12518,10047,8085,8465,9226,9128,7286,4589,4666,4888,7545,4994,6252,7597,5584,10797,9585,12348,9654,11814,6122,10572,7005,4779,3874,5896,2049,3774,6032,6208,4101,3202,8545,4905,6072,7222,9031,7093,7953,11437,10018,11657,14517,14089,19446,18842,19742,18511,16069,16577,14699,13484,13208,12642,11359,11402,12487,13915,11871,11490,9660,12227,8677,11138,10985,11639,12146,16261,19451,20146,21367,19983,22539,21173,17367,13685,14956,14013,14199,14971,12757,12353,11902,14400,17293,17301,19095,15896,14334,13823,17384,11381,13277,11503,9977,9025,12200,11912,9943,11813,12828,15326,14589
50896,13156,10147,13672,15435,14237,10758,8272,10353,10233,7579,5332,8401,4382,6382,5176,7501,9040,10025,8443,12599,11432,14107,11243,9631,13590,9312,10979,7788,10032,4353,8531,3984,3041,3133,7057,4785,5192,5665,5722,7411,10405,11300,8452,13334,10562,9907,8457,8829,6251,6678,5022,6604,5332,5509,4614,7026,7285,5023,5992,7785,6862,7887,10994,13056,13246,10438,15754,15830,16080,17064,19412,21947,16749,18416,16028,15783,12061,14952,12217,10075,11417,9398,16375,10241,9310,11248,10318,12148,7297,10645,14836,13605,17065,17821,22377,16730,20968,20119,17005,16267,12518,14146,14533,12453,12790,15976,17583,15108,19969,19266,18781,20479,15476,17590,15146,11379,13157,10138,10762,10106,11302,9689,9140,11264,12251,13661,13714
51534,11179,9428,12538,10194,8129,12398,10268,9684,7721,7464,4783,8939,3735,3445,6902,6793,9203,9443,11787,8065,11863,9876,8974,10023,10319,10798,5633,8478,5756,7449,9094,3763,2771,2335,6615,5055,5878,5485,8334,8004,7847,9769,9293,11190,10684,11540,7978,11018,8466,6890,2463,4208,5408,5319,2722,4601,7543,5113,4768,6052,8731,8584,10999,11368,9083,12862,14584,15478,18136,21701,18887,18945,15811,20387,16999,18674,13673,13187,17263,14062,14725,17741,15187,11921,12175,13974,11622,11641,9745,12135,12485,12919,16471,15047,17578,16236,19528,15362,14550,14912,12568,12194,14555,15009,14233,13641,15784,15041,18975,18172,17862,18276,17501,15671,18139,12683,12682,11467,11003,7105,10225,11134,8902,8924,11448,12668,13189
47335,11806,7839,10442,10282,8361,12245,7285,8861,4625,5987,3542,6798,4322,5270,5367,4291,10952,7724,8345,8724,10354,9641,11472,10090,10731,7136,7009,7667,7150,5693,6143,2647,3199,39,5000,3360,3128,5668,3708,7653,10362,10838,11159,11049,12179,13084,12409,10309,10535,5717,8007,6751,6185,7019,5595,5803,7922,4174,6703,8970,11562,7625,12850,14076,14340,13272,13663,16360,16113,18144,19361,21110,18424,17925,20000,13948,13671,16436,18578,15457,14443,16808,18681,14214,12066,15474,12408,12124,9304,9402,6936,9374,11808,13240,14896,11479,15173,11868,10063,9945,10635,11826,13473,12076,15136,14331,16893,15166,23066,21191,20479,23181,18975,20415,16510,15339,15989,12941,8099,8652,11773,11763,8540,7909,10750,11063,9509
51641,9051,7584,9572,6483,7920,7880,6717,6926,6441,5160,4904,7128,4254,3143,4829,6912,8541,5721,8348,7958,9522,9213,6529,9594,7869,10094,6019,6410,7060,5648,5832,5809,1842,3128,6333,2380,2388,5462,5030,8702,10776,13208,10308,17544,12199,18617,12230,14096,13463,7886,8608,8234,7496,8613,4592,5901,7187,4385,6597,10078,8555,13267,11576,14464,15047,17804,14683,15925,17306,15703,20246,17161,18580,18290,15754,13700,14777,14501,19017,15992,18993,17139,18079,14891,14492,14749,13036,11104,9481,9983,10821,11347,14934,12790,11815,10170,11153,11854,9498,9078,8543,9822,11332,11651,14700,13280,13545,17749,19692,17644,20836,24473,20838,18075,19049,15304,18028,10970,14069,12407,8458,9145,11436,10027,14195,12813,12131
45793,6908,9638,7822,10582,8642,10227,5720,7606,7802,7219,5578,8066,3889,4799,4226,6698,7126,6819,10221,6190,9437,7844,10138,8209,9037,7206,4382,6793,6919,3992,4134,3102,1775,2354,4516,3023,3086,3527,7714,10918,11858,16669,17389,15561,17042,18492,14800,16728,14750,10008,8958,9993,8744,8463,8083,6848,8750,6907,8477,11033,12496,13713,12655,16241,13303,15017,16403,13720,18015,18512,16384,19294,15537,15896,14069,15264,14084,19617,21640,15052,16964,17821,19422,16089,14569,13201,14961,10320,6655,9864,9351,8231,7906,8555,8837,8750,12798,10619,8137,8435,5823,9668,10051,11987,11175,11264,12369,16947,18567,22474,22906,21039,19472,16231,18858,15452,13978,14702,11595,11811,10902,13325,10104,12357,13783,13570,13128
48197,11128,10906,7627,7909,7629,8452,6190,7639,9447,4624,5564,5743,4494,4993,6347,6552,8344,8245,10082,6696,10049,9176,6285,5885,8245,7419,4446,6736,5497,4998,4536,2769,2985,2262,4054,4644,4085,6047,6868,11658,12573,12071,17732,17407,22212,21363,19611,20827,14557,14152,11510,9790,9400,12065,6708,7876,8738,9678,9602,10824,12251,12258,15167,15480,13225,15014,18552,15957,16683,14834,18241,16169,14149,15532,13957,13747,12482,15832,17853,16096,16693,23296,23180,16636,17357,14543,14607,12082,7836,7556,6829,6690,12286,5793,7827,5940,9633,7228,6954,8096,7837,10310,10866,10876,10367,12083,13751,16628,19121,20533,20463,23126,19131,16948,15291,13332,18820,13943,10441,12614,11169,12988,9655,10203,11831,17245,10642
52007,8909,6494,7670,10072,8519,8847,8801,6802,5761,7939,7182,7401,6677,8086,6254,7034,9449,9419,8111,9197,9618,7046,7759,7462,12422,6832,2238,2666,4335,2256,4710,3089,1433,1029,3730,2756,3132,5138,8999,11758,15085,14994,17905,21460,20693,25295,21040,23833,18909,14311,11736,12678,12726,10901,5377,8666,12246,10905,11985,11764,14435,15969,14744,15608,16694,14969,14956,13820,14269,14257,16928,15365,11937,14889,10531,11523,9947,15863,20165,18622,15166,20409,19147,17993,14092,14053,12544,10966,8087,10876,6516,6820,9331,8293,7409,7644,11041,9407,6081,5213,4438,6636,8838,9609,11006,9251,13000,16607,17865,18333,21843,21627,17984,16724,18632,17447,17262,13208,13037,13697,10101,13164,11200,8313,10473,13050,10459
49219,8459,5858,8470,7544,8337,5703,7010,8162,6892,7419,7168,8028,7584,6852,5875,9324,12436,13518,10149,9171,9620,10378,8247,7486,7259,6870,3216,5421,5731,4995,3864,2908,1167,1086,6829,4161,4323,5767,11487,11153,14698,18272,19360,19537,23647,25452,22467,23219,18763,13718,12894,14261,12996,12507,7536,11559,10811,10054,12301,11485,13270,14523,14884,16674,13999,14069,13446,12916,13295,14412,13661,10994,11889,12124,11404,13770,15145,13042,17308,13709,19295,20786,20365,16363,14725,14304,12968,11450,7301,10855,9789,7763,12091,6936,7722,8099,10408,5675,6022,6820,4969,7842,10381,6462,9969,10541,12350,14702,18926,17419,19880,19552,18112,17033,16215,15831,14603,13802,12271,12159,13692,12030,10410,10323,15037,11995,12501
46360,9398,7481,10870,9143,7906,11814,7187,8078,8793,7043,8660,7721,5787,7716,9684,9054,12109,9527,13641,9750,12648,11166,12220,9376,13340,7157,2490,6494,4640,1552,6281,2379,3369,2697,4771,5803,3503,5075,8597,11301,13504,16726,21661,20377,20282,22444,21768,20038,18424,18212,13256,14772,14281,14051,8187,10143,14995,8945,13629,13507,19333,15755,17413,16650,15250,13906,16374,14191,12359,11684,11592,15042,11632,11593,8893,11700,10322,10142,12991,13956,13009,17189,15454,14177,12287,14855,15916,10342,8895,7190,8772,4493,10126,6047,6805,5392,8253,10145,9409,6191,5516,7138,8099,9547,10677,11403,16207,14233,16709,19048,16585,19470,17218,14238,17658,14933,15894,14269,13401,12885,13577,12963,12848,12469,15262,16125,11535
48769,8846,5814,9615,11172,6744,4987,6504,7501,9012,6854,7173,7491,7720,9040,9207,15572,12422,15116,12981,11432,14154,14753,10442,10335,7548,10781,5279,5259,7452,2788,4693,4059,3331,3221,6792,5554,4166,8744,10118,15271,13309,17901,17391,21604,21771,24643,20022,22549,18427,14660,13973,13406,11650,12867,7818,9792,11941,10213,11580,12269,14461,15369,13815,16213,16444,12861,15200,11301,13058,9916,11324,7625,8038,8112,7302,4869,7823,11152,13187,11413,9950,15656,13350,13869,10597,12534,14826,15118,8813,8262,9081,6259,11773,7775,7825,7444,5703,7166,4099,5659,4562,6907,8831,8954,9946,10922,13877,15187,18413,18529,17436,19618,19840,17648,15028,15573,15838,15386,12802,13050,14441,14132,12696,12493,13144,14831,12745
50745,7590,7005,6938,6601,6452,10529,5557,8633,7887,9459,8126,10841,9442,9484,11444,11234,15135,13782,16204,12825,15311,16929,11694,14033,11906,8692,7107,5455,7767,3628,4485,4196,3186,5354,8613,7514,8153,6480,9467,12742,12058,14641,17221,18891,18051,21524,17976,19620,17395,15733,11285,14569,12768,11571,8360,7157,13571,9349,12872,13580,15308,14125,14424,14926,14833,15054,12322,12235,11060,12961,9177,9567,6068,10043,2765,7837,5423,9098,7829,8684,11536,12763,13441,11787,9182,13239,11949,11926,9687,9642,7099,7150,9804,5926,7518,5507,8702,9150,7419,6724,6489,6913,7691,10581,9617,8957,14231,13503,16748,16102,18430,18991,16345,15615,19197,17992,15273,16148,13717,12072,15381,17092,14522,15685,13613,14464,13548
54030,11865,6792,7595,8886,6219,5161,6944,3630,4135,6654,5789,8411,9473,10270,8853,11855,14692,18243,14064,15024,17105,15386,14564,13527,12622,10851,7917,7889,10790,8060,6256,5934,6267,6312,8748,7167,8093,8557,6922,13501,9287,16600,14872,17368,14856,17845,16099,16751,14382,12516,11168,11298,10386,9697,7627,8113,9743,10762,12399,12201,12032,12756,14634,18123,14493,13553,13195,8821,10314,9096,9201,11339,6974,8212,3742,3577,4322,8786,10137,8037,9058,14550,13822,12615,12688,15259,12343,9347,8477,8007,8610,8777,9524,5260,7004,2827,9035,6249,5413,4844,5576,5474,9434,10562,9005,13663,14602,15746,18962,15894,17587,19811,20250,17171,19389,16454,21319,18046,14198,14636,16495,17750,15070,15483,17363,13701,15973
48567,9466,7649,8901,7344,6062,7189,7327,7522,6552,8018,7312,7821,9531,9323,8855,12794,14724,18977,17237,19517,19883,17618,15237,14261,16038,10658,10754,8797,11656,8304,10019,9295,8173,6905,9815,6233,6142,10557,7137,9393,9876,9406,13866,16637,12449,15412,12782,15208,12754,10996,7841,10510,11122,7767,8244,7224,9270,10311,10802,11571,12547,13128,13884,17090,12235,11802,12326,8431,10166,7809,6924,8224,2942,7856,1616,3452,5310,4509,4289,7707,7143,11363,13269,10895,9763,13877,11803,13824,8456,10932,9135,9779,8735,4764,7013,6615,9210,6964,4158,6591,4794,7610,11966,11244,9608,9316,13379,16061,15276,18925,18922,17695,16905,17365,18195,17321,17101,16833,18151,15738,15146,17340,15166,16022,15588,17987,13865
51928,9029,6618,9829,9585,6168,4913,6445,6214,2857,6392,4610,9140,6545,12557,9430,11190,14532,15760,17887,17168,17633,14498,15010,15602,16253,12457,8698,10078,10525,10152,12577,9746,8852,8044,9784,10006,9461,9745,9114,11037,9513,14097,10741,11364,12875,13296,10402,10062,7883,10571,7458,9668,7493,8482,5314,4849,9747,8233,8513,11694,12031,11131,15385,12359,10776,10935,12989,6125,10480,8489,7785,6732,4084,8198,2904,2428,6871,6375,6663,5080,9367,11193,12671,12383,12499,11425,14084,12947,11421,12200,11184,7746,11814,7911,6300,7863,6765,6182,7569,6421,8593,8361,10662,11889,11992,17332,15028,15852,19470,18041,16010,21437,19362,18772,20027,17180,17312,16601,16956,21849,19090,21354,18999,20559,19312,18940,16001
53789,11329,10365,8085,8182,8195,7955,4838,4266,6929,7187,4932,6860,8022,6120,8316,10768,15599,15923,19409,15703,20325,15331,17581,14437,13842,14744,11708,9384,10778,14066,11942,9316,11047,8904,13670,10766,9253,9526,10251,8691,8615,10680,10033,11287,11753,10772,8656,9965,9398,8279,6513,7937,5869,9111,3858,5903,8693,8812,8143,7850,10232,8406,11080,12865,9523,9524,7065,7526,8855,7365,8879,7000,5677,5050,2639,3427,5776,2379,8437,8079,7498,13065,11501,14381,14581,14322,14080,15181,9571,12787,10190,10134,12653,6976,9426,6844,8865,8865,9198,6439,7045,6563,13296,13352,10776,14029,15380,18101,16765,18414,19679,19234,16667,17673,19651,16556,17983,18872,17314,17220,18958,21924,21803,20361,20086,19930,17061
58203,12147,9250,11018,6802,9574,6235,7131,5386,4100,7719,5348,6272,6117,9833,7258,14330,13799,13888,16147,13964,16472,18824,13349,16479,14486,14529,11707,11556,13504,10494,12062,9634,11358,12118,16615,12717,10922,11451,8218,9901,7127,10827,7670,9594,4873,8398,7278,9584,3974,6578,4907,7621,6303,7562,6757,2686,9031,7225,8415,8108,9388,9583,8951,9985,6905,8591,6782,7241,6575,5523,7022,7764,6317,4130,1974,3132,5411,6504,6541,9415,6814,10786,12044,15280,16218,15985,14869,18505,12261,15156,15214,12476,14519,7605,9886,6338,9974,11527,7743,7804,10792,8656,11202,12645,14036,12196,15758,16435,20843,17337,19565,18459,19749,19050,18829,23502,20169,17349,21038,16671,20757,23783,19806,22186,20937,19812,17848
52238,13842,12294,13898,11657,7975,6277,6371,7437,3826,9742,8088,5741,6305,6066,10094,9863,14565,14029,15017,12833,19160,13830,14770,13187,14082,14507,13383,11828,11649,12082,10708,13064,11311,13951,14391,12366,12512,11676,10187,8739,8623,6676,7851,8289,4738,7703,5210,7541,2542,2195,3470,4244,6104,7011,2542,3460,9019,8292,8089,7981,9582,8104,7714,12793,8657,11296,6454,6505,7786,5822,5876,8053,3661,4421,4908,4111,2474,4974,6164,4258,10150,14818,13920,16204,17547,16857,21647,19658,16809,16637,15924,14216,14232,11047,11207,10269,11252,7874,9257,7568,7590,10288,13834,12264,11963,14658,15033,16070,19908,16987,20703,18086,19945,18634,19602,16303,19174,19180,19777,18957,22197,23860,24259,22344,23219,20971,21633
56332,15424,11675,11822,12031,11227,8320,8830,8119,8735,8715,4774,8474,8227,6486,6991,6590,10857,10841,10027,12247,16461,11519,11649,11889,14406,11423,7992,11774,11975,9938,13099,12690,9730,14649,15474,12089,14484,13818,10237,10279,7188,10010,6708,6807,3368,6014,5884,3550,4572,3598,4013,4059,6191,4992,4824,3163,8254,9043,8629,6345,12562,10249,8578,8241,5733,4075,9384,1499,4803,5871,8314,7847,3768,4151,1114,4572,4017,3610,7123,7485,7905,12993,14904,17454,19082,17979,23201,18838,20137,18439,14498,16827,14503,13738,11529,10514,15625,12863,11165,13513,12402,11534,16707,12527,14947,12761,16535,15924,20003,17036,19107,16815,18576,19049,18677,20296,17240,18482,18531,18740,22272,23006,21287,23657,26186,23972,22375
57899,15668,14218,12843,15995,11256,9743,10665,8471,7653,11201,6007,9946,7302,5683,6374,8068,11693,9116,12691,9128,10246,14597,10061,10802,10769,10151,7838,10035,12281,12674,18455,11556,13515,15213,18250,14858,14823,13578,10539,10775,7584,7498,6568,4655,5848,5192,2287,3803,1221,2054,5411,4090,6138,7145,4656,4714,7848,6152,8960,9000,9318,7564,8142,9516,10012,6639,4960,4698,7466,5590,4912,5578,3562,4754,3799,4943,7510,3575,8189,8553,9728,13887,16549,18571,19318,22362,23003,26476,19945,21526,20465,18196,18146,13140,15668,14163,15196,13031,14758,13053,10794,16162,16611,14792,16755,13280,17535,15807,21609,19630,18746,19641,15703,18079,16551,14695,15771,18908,16225,15978,20047,21599,20534,22388,22864,20665,20053
59147,15326,16237,13087,12148,10408,11670,12243,10806,10334,9913,9595,9397,8684,3491,6927,6589,8286,8834,9141,10313,11381,7621,7682,8030,13555,10032,8273,10261,9202,9572,15205,12199,13349,13267,17558,13934,11220,13471,11125,10214,10481,7632,5537,5917,3096,5891,2559,3659,3500,2533,1738,4147,5690,6531,3268,5538,8159,12184,8610,7977,10989,11729,10679,10363,10393,6242,7508,6051,3795,4783,5451,6772,5785,8869,7801,3501,5242,5211,8609,7727,11985,14675,15931,19100,20625,25724,23590,24339,20318,19803,20411,16940,17352,17689,14521,14206,14274,12850,16065,13921,10311,14754,18051,17494,18598,16093,17211,16771,16794,19070,19472,16419,16702,18199,14676,17247,17208,16314,17677,16112,19501,23575,22550,22846,23160,23569,20548
60070,14091,12598,17439,13537,13177,12439,12651,13434,11853,10464,8877,11258,5255,5351,6329,8954,6045,9620,8073,6222,8354,8078,5963,7684,8936,8065,8556,7718,10373,10067,9372,9151,10868,14648,14865,14621,13301,16581,10422,11533,10166,8798,6646,4583,5426,5609,3151,4836,1130,5373,1185,5357,4906,6796,5917,6414,7189,11171,10645,13016,12681,13457,10093,11941,8404,8596,9724,7238,6610,6038,6479,5584,4282,6756,3785,4015,6342,7008,9686,10695,9654,13204,17509,18110,17206,24377,24188,23670,21695,21317,20828,20929,19015,16791,17858,14563,16501,13234,15639,15912,15956,14438,20064,16778,18085,16476,18277,15636,20099,15081,15218,17773,15214,16019,14732,12567,15926,18204,14793,15677,20275,20405,18535,21637,22903,22387,22137
60091,14731,15824,15493,16842,12270,13882,12608,14420,10409,14611,9315,11091,6207,4993,4971,6674,7017,8554,7978,4935,9193,7803,4940,5211,7882,5914,7215,8434,8911,10105,12067,10837,11158,18044,15622,13873,12415,14919,11208,10017,10923,6673,5171,6180,2159,4635,1620,2507,1960,2588,743,7590,8115,6926,6143,9282,10197,13884,12757,14903,17621,13417,13794,14806,13115,11886,9355,7177,8258,6807,8018,7304,6481,5288,3821,7500,7579,7931,8243,10297,11842,18179,14759,18456,19870,22439,20928,20728,23795,21047,20534,21281,20732,19474,19171,16120,15972,17932,17848,16467,18810,18927,19320,19967,17364,15829,17793,16244,17514,15970,17445,15769,13961,17020,14204,13678,13969,16594,19936,17788,16300,21476,21502,20842,22065,21464,20041
58807,18506,14160,11956,13663,15359,15659,14183,14548,10986,11538,10462,12972,8167,6817,8973,7127,4976,6341,5814,5234,6843,5860,6539,4345,8032,6511,5870,7545,8262,7424,11020,12014,14662,16738,17395,16309,18271,14206,14313,10395,13375,9533,7198,5658,2996,6486,2702,6229,1114,4902,2722,5430,5782,8043,5939,10288,14365,10129,14832,15372,15643,15487,19046,18519,11748,12182,9351,7402,8211,7325,10329,6572,7365,8715,8499,5554,4462,9164,11179,10051,10873,15712,15200,15911,16580,23757,19850,21771,17882,21309,19237,19008,18651,18000,17022,17331,19151,16363,16759,18403,14117,15875,19416,18938,18024,21574,15117,14940,16674,16558,14272,16300,11505,13345,13764,14968,14526,13977,12182,13327,15861,19915,16731,17281,20277,17942,21062
52426,14827,12962,12509,11224,11742,14991,11967,13129,12536,13235,10910,14506,9488,6861,6098,6867,6467,8642,6596,5473,4727,7483,6693,5683,7385,5756,4633,5883,5988,7117,11968,11798,11149,11262,15330,17844,14766,12686,13268,14238,11528,9276,6911,5853,3539,6248,2531,4659,2374,4274,2204,5331,6972,8635,7515,11252,14135,15165,15577,17669,21081,16733,19615,17777,17204,15055,11070,8577,10791,10035,10342,11552,5590,8967,6072,10319,7482,10048,9927,9220,9851,14386,11941,15619,15324,16338,16838,14439,18963,17416,17765,18262,17753,16069,18213,15257,17818,17297,17523,18798,14809,19661,20138,22248,17787,15795,15603,15057,17129,15067,17662,11984,10593,13940,12372,13094,13306,15569,12148,13625,15392,16784,14902,17021,16461,16674,19052
54254,10073,12034,13336,13086,11788,9844,12467,11421,11258,14330,12366,9949,8332,5997,6190,7134,4805,6182,7911,3484,5532,6184,5020,4688,7026,7168,5956,6935,8336,8770,12423,8232,10909,14690,18008,17682,15260,16551,10564,13098,10105,11831,7856,6282,3153,8428,2322,5838,2161,6282,3283,7955,7605,8014,7752,11421,12984,14359,15043,21470,20764,21465,20216,22688,16006,15690,12643,9167,13645,8934,11209,10600,8885,11809,10076,8449,9223,8344,8497,12085,10731,11201,13512,14401,12572,13960,16946,13979,15494,15015,15087,13786,18644,13500,17188,13349,18973,15122,17152,16185,16667,16910,18239,16991,15649,14628,15579,13661,18787,16180,14107,13143,16234,10935,11642,10990,10706,11008,12367,12588,15981,15082,15015,15421,17647,16398,13891
52584,11565,12424,10779,11351,12044,9158,11785,13170,11983,12255,6941,11825,5381,5822,5350,4756,9032,5433,3119,3775,4383,5489,2889,4436,5851,6932,5951,5410,9166,8786,9490,11840,10716,9522,15571,16180,16002,16686,14499,13172,10712,10672,5838,5996,4865,2998,6103,4528,4547,4044,2903,5421,8477,6967,7222,10297,15598,13109,18430,20290,18808,20982,23074,22280,19901,16075,16225,12813,10744,12506,13014,12691,11252,11524,10014,11107,9459,9627,11733,10288,9559,11296,12054,9679,12191,14652,12672,13793,9693,12301,10328,11394,14049,12446,12315,13857,15840,14255,16102,15439,14644,17223,20801,17512,15656,15412,12409,13752,13404,11598,10955,12523,10020,11620,13006,10244,12329,11378,11594,11626,15224,14046,15860,13403,15250,16012,16145
51356,10546,9768,12750,10184,11121,10458,6506,11375,9467,7773,10885,10326,6178,5726,6855,5580,4773,5141,5178,3748,5702,6185,2123,2880,6651,7406,3627,5517,8287,6746,10834,8141,11315,14432,16938,14748,15438,14798,14929,15869,11924,13038,8546,9146,9770,9442,5090,6118,5579,3847,3778,7522,6441,8135,6733,10713,16326,15334,15958,18527,24897,20434,23395,18584,15319,18188,15868,13216,13680,11933,14066,12390,8680,11239,10001,11167,10693,9864,11678,11219,11063,10973,11940,10516,12119,10852,10820,11687,9877,12117,10625,9584,12381,10943,10515,12297,15462,16607,15269,15984,15953,14582,17106,18118,16142,14520,14568,11951,13705,12611,11907,11513,7872,9738,11691,9133,10137,11755,10779,13400,12500,12708,12415,15802,15511,16208,15190
51635,9306,10199,10438,8225,9146,9836,9681,9641,11446,8725,9983,10368,7361,5887,4271,7267,4991,6692,3505,4142,7113,5005,4568,5804,7325,7732,5913,5153,6510,10037,11061,11003,13137,16683,17225,14973,15100,16528,16701,15277,13666,12180,9278,7112,8280,10417,6971,6655,3945,4795,5414,10667,9065,9509,7880,8927,13512,11946,14142,17545,16397,18927,19415,21347,16896,17326,16262,13009,10727,11383,16307,12894,12982,15873,12045,13329,13621,15506,15155,13981,10437,12222,13555,10382,8007,8805,12265,8176,7361,8600,8077,8093,12805,8197,10102,10291,12606,14399,14260,18335,16167,13698,16744,18535,15521,10444,10399,9758,11170,8460,9905,12470,10941,8909,9260,8487,11576,11742,11098,11460,11970,14960,12786,15018,16201,17978,16867
52420,10381,9705,11739,10115,8786,9392,9414,7376,11281,11159,9069,11868,9341,7628,6173,7725,7488,6675,3780,2281,3330,4647,3531,4030,5696,6843,6241,6792,9751,8223,10487,9201,11464,13296,17375,15761,19522,17590,15549,17601,15177,13824,14853,11684,8398,11791,7748,9670,5921,8601,8461,9464,10141,8536,9309,9525,13390,12209,15575,15968,15975,16122,17514,19126,15254,12884,12570,10302,12685,11671,16098,12438,11984,11208,9998,15702,11216,15173,17187,12840,11251,10860,11252,8753,6885,8779,6120,5634,5728,5337,6657,7928,10204,7109,11850,10267,12475,14117,18858,14022,13850,15127,15187,13978,12046,11608,10408,8582,7094,11661,10965,9922,8480,8341,8601,10996,13000,12121,10802,11742,12504,14384,15160,14600,14920,14238,16718
50895,11897,11909,10831,9136,9442,8765,8182,10948,8943,9259,11531,11883,9613,9228,6774,7729,7808,6989,5833,4433,4525,4427,5420,6007,8699,10235,7403,7969,9319,10621,10856,12012,11005,15734,15864,19456,17797,17124,17261,16082,15885,13813,13818,13729,12986,13405,10316,11118,8720,7049,9376,8836,11178,10280,6699,8286,13087,9452,12014,15536,13279,13618,16556,17769,15070,15732,11833,11913,10480,12435,10027,12089,10521,16585,13525,13443,11756,14006,14817,10356,15085,14643,13390,9922,9286,8146,9383,6747,7158,7205,5225,6383,8136,8712,7061,10089,14475,11434,14708,13797,17401,13896,19928,12276,13765,8846,10280,9064,8636,9273,8156,11165,12724,10629,10080,9774,10395,16812,9900,12443,8929,11856,11895,14605,12372,15833,16039
54876,13157,9532,13728,12449,8042,10075,9666,11282,11096,10210,11844,12412,13437,12370,9786,12008,11992,7166,5230,3860,6206,3596,6998,7499,9118,9133,7155,8044,11641,9993,11619,13900,15007,13928,16085,18403,18280,19578,17879,19352,17129,17171,15720,16216,12484,14981,11959,14988,12115,12516,9200,13702,14790,9609,10180,10298,12176,7746,9305,10745,14190,14159,13011,14560,8927,11984,13887,8331,13037,8899,10105,10265,12084,12902,11427,16246,15819,16041,14538,13233,13597,14003,10610,8335,9180,9699,7238,8431,1859,4527,3177,4860,8512,6692,10857,7170,13114,11179,12679,15938,11414,14610,15737,15315,15941,10165,10294,9572,8056,6640,9304,11253,6546,9541,8729,12422,12022,10868,9204,11290,9778,12975,11340,13715,13741,19475,17699
50461,12697,11864,13387,12471,7750,9578,10425,11250,10918,13225,12651,15584,12876,13689,12338,12415,11344,8358,7903,5822,4045,7453,5102,6901,7797,6098,7398,11160,13307,12980,15546,12975,13552,16278,17559,19004,16838,17521,16945,15612,16611,15000,14219,15484,13365,17142,14993,15261,13035,10834,12559,12042,9908,10174,7098,8194,8531,8929,12149,10312,9919,9610,13584,14212,9963,10991,8727,8319,6683,9611,10896,11874,9780,11840,11679,13386,15975,16463,16387,11485,15355,16661,12200,11643,7571,6870,4202,5693,2415,4364,2658,5417,8488,5490,6905,7460,14871,16032,11866,14187,13331,15499,20260,15587,15848,11025,10302,10932,9921,8784,10307,9452,7760,8379,11167,10174,11973,11735,10180,9712,11359,11088,11888,13413,13156,18466,18234
48787,14028,12159,14024,12397,10457,9553,9164,11035,15537,13672,14734,15027,17713,12969,17385,10021,17244,8739,8137,6965,7483,6652,5603,5747,8899,9127,10059,10514,12863,12409,15883,14605,14645,15119,17789,16676,16009,16789,17821,18667,16710,19138,16453,17994,16444,18098,16038,13808,15273,14481,13732,15531,11596,11445,8325,7820,12054,5943,6927,7318,9771,8893,10501,10163,9187,7222,7554,4916,7433,7513,9014,11005,10207,13131,12508,15915,15446,18189,17460,14006,14489,14537,13789,8900,6650,8497,7732,7806,2992,3584,4475,4020,5898,6290,6065,6632,12012,11935,12849,14784,14574,15574,17347,15870,16713,13111,14030,15243,8600,9457,11555,9934,10484,9066,13091,12255,10645,12847,12469,8793,10399,14154,10840,13753,12745,17556,16870
50993,11302,9488,11888,10865,10152,11995,11301,10909,14299,16349,16117,18727,16452,16657,17934,14240,17278,13630,13814,10574,8890,8027,5703,6770,8239,8337,10344,11453,13828,16562,14493,14532,13710,12693,15921,17041,15031,16673,12922,16379,17863,15888,16028,15085,13885,17055,16755,17725,14599,18489,14594,15043,14886,15271,8800,6201,9705,3621,7230,3740,7733,5194,11504,7892,7693,7662,5035,5391,7181,5580,10606,8681,12236,12362,12951,14870,14972,16742,16420,15986,14481,13805,15058,12190,11090,8425,5284,8234,5368,3095,4209,6652,5688,5343,7393,9578,12121,12132,12590,15867,16818,17341,21844,16255,17304,13036,13431,13222,13030,8324,13878,10637,8773,11391,11330,11569,13192,12934,9157,8473,13933,11786,10888,11693,13596,16819,13943
48256,11812,10209,11112,12463,11104,13736,10083,13366,12730,14929,15859,19278,19384,20200,15445,16050,16889,14536,11806,10369,8346,8234,8035,10682,12913,10485,12086,14498,11932,14315,16723,13241,12982,16915,18069,16301,12465,16309,11316,14068,14686,14780,15133,16899,14248,17877,17089,15663,15534,15550,13929,12963,13712,14342,8603,6334,9527,5537,5774,5970,6674,6921,11108,7811,5341,5537,5597,8152,5625,5250,9561,8632,5737,11324,12985,15243,13982,12569,20182,15813,14306,16087,13225,10568,7370,6994,9704,8842,3475,6398,4034,4354,8539,5064,7835,9833,12877,12567,13558,16829,18445,17399,23266,19569,17054,16345,16230,15027,14196,13613,12107,11968,9885,12414,10216,10494,13627,13664,11855,11465,9054,15607,10929,13582,14945,16571,14922
54335,10264,10547,9819,12682,10363,12805,13652,16784,17020,17465,18440,20941,20097,19972,19096,21826,18529,20147,14848,11588,9974,8960,7669,11561,8542,9879,9629,10003,14899,16193,14627,14526,16403,15951,17261,14253,13477,12392,11850,11365,13252,14277,13278,12018,13862,17513,14793,18110,17517,15045,14842,14613,12669,15982,8229,8075,12939,4895,6773,5047,6287,6450,4932,7963,6146,3538,5660,3429,4952,6362,6535,6305,8841,10513,11929,12062,11707,16975,17217,13592,16036,15429,14704,11786,7386,11155,6361,8414,6060,6509,4488,7893,10478,8908,9838,10593,15983,13456,15910,18167,19294,22483,25357,24602,21677,18782,18559,16581,14718,15849,14317,14240,12498,12611,13464,15517,11564,11529,11654,11471,11910,13609,9813,11699,11486,14162,16715
45595,9205,8960,10446,12523,11087,10229,10215,15599,15915,18927,18194,22582,22625,23236,19829,21198,21258,14026,13865,13536,14226,10899,8964,7545,10485,8678,12603,16061,17621,15192,14465,13366,12441,14597,16545,13626,10189,9934,8670,10724,10208,12976,10573,12197,14262,13887,17058,16926,16461,15860,14162,14260,12472,9614,6278,9336,9629,6116,4681,6828,5784,6644,7868,8435,4520,3749,5798,2684,6934,4470,8018,9541,6390,10585,12778,11706,14062,15147,13472,17154,12444,18369,14287,14404,8066,9852,7140,9399,5265,4380,7191,4183,9340,6757,7014,10237,11192,13781,16132,18672,19311,22462,21545,23546,23483,21534,17592,20772,17586,15567,15298,12819,13497,14175,15282,13339,15474,15906,12782,11058,15290,13650,13485,13606,13264,15626,13526
47271,9455,7909,10626,11146,9734,10225,11829,12647,14275,17409,17818,22110,20824,22090,19723,19262,18689,15159,14466,11344,11698,9354,9439,10535,13766,11490,11268,13374,14836,14214,18619,16417,15163,11847,14089,10349,7812,6432,7890,8667,8406,8243,11126,14751,10587,17373,13131,16414,16669,15066,10593,13071,11375,12598,6023,7243,8014,5881,3654,5092,5847,6519,4746,6765,5490,3707,5892,4480,5139,5829,6880,8623,7831,12144,12440,10775,14119,16870,16555,13882,15056,13512,15234,11104,10311,11577,8682,8367,5949,5826,7643,8573,12493,8790,10547,8630,12559,17942,19066,16715,17085,21433,24219,24410,26013,21789,26138,19733,19975,15180,20024,17408,15574,14526,15759,13626,16839,16044,15660,13841,12334,14773,10819,13054,11457,14463,12409
44072,8366,11013,9618,10828,11275,9629,12162,14646,14247,16987,17646,19363,21117,18069,21283,20118,19391,16466,15508,11398,13792,9117,10820,9324,10735,10773,13396,16963,16434,15816,15870,13434,13929,8428,15208,9721,7077,6973,6713,7568,6187,8659,6099,11186,10802,11685,12688,14692,14632,13897,10916,12702,13109,11296,6868,6491,5989,5072,6143,4823,6366,6933,5015,5587,6073,5259,5787,5728,6811,8250,8344,8422,12680,10486,11509,14569,14544,19976,17468,16569,15548,16622,15468,14615,10689,12702,13637,9010,8456,6572,8552,8482,8721,7081,6666,8988,13501,12922,14506,17132,17735,23876,22869,23800,23814,20394,22490,19111,20675,18460,18041,17665,13687,15688,16608,18641,15909,15998,16262,14053,15073,17444,14187,10687,12939,13573,13830
48821,8764,8694,7628,10171,7888,12173,10852,13045,11237,15452,14584,17863,17770,19644,15421,15606,18660,16073,12630,11218,9790,9880,5400,7517,14417,10778,11752,16262,13787,14795,14724,14146,12526,10992,13033,8001,7684,5772,5814,6766,6855,7703,10400,9167,6917,11072,10206,11518,10779,14762,10818,11367,11871,10359,6530,6014,8462,6543,4797,4261,6182,4958,5721,7835,3554,3996,4109,1979,6060,7587,8073,5993,9433,10839,13345,14343,16164,16836,17528,18824,16036,17761,17751,15778,8676,14188,10836,10672,9722,10707,11129,10691,12380,9625,11315,7868,16252,15762,17374,16838,19659,22946,22889,24068,24118,19883,19434,21256,17783,19071,17255,15252,17621,16846,17580,17062,21358,16778,15057,15604,17314,16770,15488,13401,12827,16116,12604
48523,9270,7775,9926,8616,12852,8082,10250,11358,12044,12776,14305,16029,17664,17226,12727,14588,15373,14700,12185,10381,9454,9287,7557,9583,13622,10848,9194,13352,16257,14884,16443,11912,10830,10143,13057,10159,5719,6361,6843,5751,10050,8438,6769,8902,9614,12178,8897,11722,10695,8852,6875,11863,10529,12626,6903,8464,7578,6952,3454,6784,4719,3294,3838,7301,3730,3217,5438,3408,8206,4441,11128,10861,10576,13590,16346,17319,15674,20182,19658,16670,20534,17907,19282,15424,13571,13626,15543,13934,11627,10962,10253,11271,12786,11465,9531,8113,11500,12416,12958,14544,15812,20735,24034,21145,19761,21679,18684,18893,18869,16913,18741,17104,16687,20391,19562,17533,18867,18977,20228,20338,19092,19348,17024,14351,15119,13523,13307
46917,10130,7956,10851,10394,10475,10390,9926,12365,11317,14843,12767,13605,14328,12755,13202,13566,11728,13859,10804,7726,10082,7846,6803,8948,10733,11726,11456,15892,12449,16117,13514,10476,9309,7456,10052,8018,4012,6056,6900,3439,5141,5455,8491,6968,7999,12007,10166,11050,11793,10104,10966,13198,12643,12953,10359,10027,12100,8993,7921,4790,5019,6459,6842,4791,6932,3479,6916,5249,8851,8050,9492,10079,13992,13556,18299,18493,16979,18788,20238,19878,18740,18288,18615,15522,13297,14449,15721,14777,13239,11143,14021,15062,16266,12012,13318,9183,14207,11745,14562,19118,18499,17699,21635,16373,22273,20008,18791,19235,18029,17044,13887,19075,18646,16995,17062,19762,22915,20011,20520,18635,19314,17463,13647,13724,13797,15875,12570
50092,10818,11817,11740,11472,11067,10345,10561,8399,9505,10751,12572,11652,13027,14055,10397,11469,13476,9927,9405,7521,9490,5983,8323,7718,9962,11856,10743,11194,13855,12825,13713,9120,9010,6678,9876,5523,6319,5964,3979,3351,5516,6258,7661,6496,7713,9621,9347,11337,12567,12701,10857,13089,13538,12551,12577,8792,10763,9264,7470,10718,7551,6095,6924,8848,6533,3718,9408,6841,11963,7519,9666,15054,11397,17020,18357,18384,17858,19434,21224,21380,20472,20345,19209,19234,14959,16645,18339,17694,14141,12671,15603,17693,15178,12608,14164,11055,14990,13669,13583,16692,11017,16263,17935,13911,17376,16412,15388,17706,15530,13159,15527,16658,18722,16705,17394,20477,21630,21518,21097,18921,22531,19761,14379,16579,14705,17067,12330
55439,11066,8990,10758,10943,9871,9440,7734,8208,9688,8420,10878,11038,11777,10008,6834,8131,9280,8781,6492,7660,10320,10209,8365,8847,9340,11321,11974,11645,12373,10762,12243,8188,10560,7547,10711,4429,4236,3430,5808,5304,6549,6456,6674,7039,8736,10509,10479,10233,9443,11456,10424,15159,15021,16362,17549,11896,12502,10635,10660,9875,11781,8141,7101,9075,6390,8728,9476,5261,7765,9665,14015,15160,14785,18495,16394,20152,19174,20359,22939,20780,19876,20383,23129,17569,17782,18255,18251,18698,16551,15246,18443,16678,18806,16115,14973,12098,15780,10519,11921,13851,11738,13417,17433,15347,16571,14266,14041,16966,15497,16915,15768,16390,15762,19234,20653,18489,23164,23115,21316,21614,22239,20373,19320,17413,17514,15941,14636
51296,12280,8443,10539,11920,10033,13408,9027,10296,9768,7669,10313,10311,7917,9162,9253,9073,7845,6871,7308,6015,7185,8531,5663,7915,9494,11033,12789,12512,13245,12158,11604,7992,10199,9274,9375,7085,4571,4636,6371,6074,8350,6163,5102,6413,8654,10332,8304,9179,11097,11678,11821,15024,18287,15616,15203,14223,16317,12596,12426,11970,13896,7192,8304,9351,9924,6449,9323,8676,12028,15172,16409,17217,15085,19314,17253,21630,24280,20626,24401,20742,15749,20124,18031,20564,16920,18357,21544,19265,17159,20095,18438,17918,19204,14423,15293,12712,14296,16009,12832,13303,12779,12210,14626,15158,13530,11908,15107,12235,17179,12612,13420,15174,14876,15122,19346,17459,20396,21093,19689,20638,23904,18420,18569,17976,17408,15410,15652
49602,11480,11349,13360,10791,12621,10953,9610,12439,10444,9138,8923,10799,7105,6062,5568,7063,8443,7927,7874,7493,7296,5527,7448,9483,13095,14538,10007,11745,12443,10036,10904,10656,7495,7253,8447,6497,6523,6048,3067,6135,7721,7465,5566,6545,8508,11079,10837,11185,12706,13853,15702,17005,19983,18217,18700,17928,21894,15868,15121,10772,11746,8364,12415,13880,7330,10221,8786,10232,12225,13374,16561,17976,16521,18859,19932,17997,20317,21811,18898,19347,17517,21594,20004,21901,17010,20182,20958,18620,18613,20948,18885,20620,22170,18613,19207,16859,17216,13759,12006,11504,10116,12399,13577,14763,13849,11147,14317,11417,13153,13647,16232,15968,16081,18167,16401,19288,22106,22816,21725,21681,22015,18709,18014,18513,15403,20334,16642
56377,12756,12609,14794,12069,12360,10908,12689,9997,7191,8094,8949,9674,10771,7589,8319,5333,7048,10222,7473,5460,8583,8624,9420,9245,12810,13423,10910,13215,10418,15288,12091,10646,8795,6347,7629,9178,7964,5831,5101,6172,6026,7625,7750,9830,8392,12453,9981,14810,10997,14345,15421,20114,23430,23990,17709,21805,21349,17437,14732,16934,14300,13146,11739,14657,9979,9473,11749,10388,13913,13290,15678,19490,14931,22023,18185,18985,19369,19307,23969,19930,18414,20172,21993,18220,16472,21627,20202,23559,18206,22780,22355,23630,24020,20941,18481,17219,16232,16282,11735,14443,11095,12502,13981,8972,9119,9505,14149,10364,9417,10430,12967,13914,15052,15693,19858,19564,21879,19154,20748,20911,21541,23608,19722,19949,20364,18756,18351
56648,13267,14630,15386,16056,11076,15340,10958,11155,8761,10507,8890,9284,9962,7502,5665,7776,7970,7728,9035,8391,10129,9889,9320,12018,13284,14150,13734,13955,15164,14294,13710,9871,8434,7180,8580,8088,5260,5774,5964,8302,6332,7905,8253,8369,8495,12391,11618,13618,14759,15632,19178,18892,25131,24844,21574,24504,23972,21341,21108,16895,15959,15000,12982,16483,14087,15482,11715,11520,14706,17988,15534,19128,15899,18160,18777,19417,18437,19102,19179,14780,15765,19366,20647,15038,14237,20418,19971,20864,17919,23942,24847,23199,26369,20190,20438,20536,18773,16938,14127,11555,10992,11644,11536,12894,11763,10918,9300,10789,12435,10449,13283,13805,13683,16713,18429,19952,19074,22985,21762,23980,20360,24854,21865,20193,20280,19372,19835
