48373,15258,15301,12929,14027,10351,13417,14223,14035,16587,21512,18632,19324,21981,21389,26285,24842,20044,23568,21091,21719,19854,16994,18492,14612,12941,11105,12056,13017,8928,11652,8432,13058,13228,10920,16599,14710,17644,11578,17506,19550,18298,23075,18403,18765,21056,16848,13420,16066,13000,9370,11389,11127,8369,9496,10079,8929,8535,8216,8625,11154,7731,9754,10269,12627,10737,12186,10170,10911,10099,9544,14775,13680,15689,18465,14680,16755,16923,16316,17075,13796,16072,12088,14883,11678,11012,12596,10389,11801,12568,7967,9538,9878,10036,7156,8481,12108,14049,12412,13530,16485,20252,18291,23337,25860,31018,33734,31716,30244,32030,27508,21651,21056,19486,22151,16567,18245,20802,15717,18350,17580,18435,18233,16901,16190,14299,16373,18201
45551,13067,14029,12765,12008,13694,16819,15618,15397,14471,16258,23936,21328,24291,26453,25851,22522,22113,20839,22859,21154,18615,18357,18129,11762,12917,10723,10867,11050,9486,11981,11984,11290,11368,10172,12574,15136,15007,11139,15615,20443,19928,18772,16025,18281,15157,13895,12529,11190,10733,11221,10698,12173,11723,5828,8133,8857,7161,9426,8984,8577,9580,10597,12531,12153,13556,8899,8296,9452,16367,12727,10876,14736,15717,19532,18894,22771,21008,22200,20844,15565,16180,17714,13149,13396,13384,11469,7806,9680,11202,7259,11466,10437,12048,9478,9742,9605,10422,13480,13624,18173,21141,22071,27079,28257,30168,34555,30874,31379,30697,30215,28468,22532,20133,23024,17926,20453,19588,17417,16692,18293,18842,16604,16881,16366,19537,17852,18220
45865,14597,15752,10984,12969,13993,14604,14660,16106,17526,18774,25058,21794,26842,23881,25092,26808,22141,22493,22163,18968,21510,16155,15769,17006,14308,10568,10821,10297,7662,11786,7850,12036,11699,8831,14576,12894,15753,11722,18877,13848,16748,18192,17119,16539,14628,14685,14282,11650,11203,8488,9110,9231,7970,8308,7788,9129,9848,7412,6306,10242,10377,9263,8080,12561,11143,8513,7138,10009,10918,10293,13567,16128,18582,21770,23026,23818,24625,22157,21985,21006,21424,17555,16018,12484,11859,12468,11282,12141,13773,7970,11994,7668,9275,6654,12134,8490,12471,15874,13240,17021,20882,22323,26154,26385,27318,34349,30908,29120,27790,30498,27703,24563,20315,19809,19244,22916,19183,20105,21521,21337,17586,18864,18769,18343,20422,18279,20284
43552,14132,14153,11236,15019,15487,15004,14629,15564,18108,22973,21834,25887,29354,26815,26145,26437,21708,23106,21050,17651,17455,15312,15071,13606,14132,6087,13305,9175,9332,10298,9070,9923,9969,5773,10233,10572,12300,8726,14043,11880,15857,13703,13327,14153,11214,11543,11081,8314,9506,10597,7903,11525,10187,9970,10046,8765,6617,9932,5376,8872,10717,11312,9651,8441,9568,9286,5393,9494,12202,11398,17394,18923,19771,26927,25483,28216,25842,25036,27061,21493,19711,17877,15742,16765,12545,11194,8983,11615,10052,7588,10680,9491,10438,10568,9343,11094,12094,12838,15388,17518,22209,21322,23007,28052,25561,32297,28811,30229,29827,27992,25219,21657,18409,19462,21102,24179,21831,22829,21992,20657,21001,17015,21821,17986,18827,18710,16827
39543,12731,12878,10384,11673,14646,15242,19553,15460,20167,22196,28021,24254,25344,26805,22511,26645,25376,20806,24225,17003,19459,13900,14642,11820,11826,10319,10369,9103,9190,8207,9456,11193,10882,6000,10776,9321,11467,8076,9590,11922,11764,13375,10831,11660,11219,9608,10794,9902,11734,8667,7539,8858,8045,8851,10265,11872,6499,5354,7995,6732,7901,8144,12576,6863,10897,8187,10065,9204,12339,12563,18230,17809,25630,28584,29287,33077,28321,28496,24557,22268,23845,20885,17652,16363,15683,11302,9650,12379,10233,8647,11538,9094,9686,10109,10612,10091,12134,9786,14867,18850,19298,20015,23558,26286,27133,24334,26842,26558,24784,28601,22177,24454,18737,18121,19594,23056,24077,20146,23332,20239,22150,17503,18693,16729,18925,15593,17355
49658,15329,13419,12880,13641,12973,14363,18231,15971,19181,21526,21870,21778,24780,25398,20950,24404,21249,19462,17893,20125,16783,14138,13375,8977,10739,10381,5734,7587,8005,7923,9703,9480,10651,7515,10988,9574,8753,7330,8951,11276,10672,8662,9419,9377,8267,9384,11032,8455,9908,8011,7730,11632,8276,8947,11761,10042,8271,8497,6638,7716,9169,10180,12277,7702,9395,9759,6154,11054,12614,14076,16940,20809,23061,29087,27309,31536,28759,29614,25893,25828,21573,20283,16425,15104,15013,13243,15775,12495,14020,9056,10114,10345,12003,9207,9521,11311,13096,12500,14495,15883,18550,21253,23482,25529,27035,27280,25024,22604,23786,22853,20472,18129,20927,23062,21268,25014,21193,21492,22518,21692,22113,15709,17798,19823,16156,16438,14780
43301,11193,13495,13401,13392,12926,15360,15936,14992,17585,19734,20638,23270,24140,23977,22719,21522,19705,20285,19441,14972,15288,12976,11667,9757,10218,7478,7701,10093,7604,7571,8615,7833,11466,8314,11343,8719,9670,6809,11578,9023,7221,9821,7316,9837,8462,11582,6726,6907,8249,10146,8187,12395,10691,10020,9680,10330,9138,7179,9277,11880,8287,9873,9740,9661,9137,10582,9003,13616,14231,14741,17247,20388,26519,29072,32060,35673,32416,30744,28469,24455,24005,21180,20912,20519,17207,14722,11463,12258,12146,7761,13374,9600,10380,6858,11893,14427,10708,13180,10924,18208,14964,15406,20942,20030,19060,19731,19054,22842,20624,21252,17846,17961,18598,18840,21615,24296,24227,21173,20499,20251,22019,18207,15699,16889,17146,16101,12249
42249,12166,10987,9689,8933,12806,12650,15145,16989,17184,17895,19668,21095,22276,22596,17298,21440,23446,16554,19130,14421,16213,11697,10351,8558,9725,6509,7958,9861,9863,12452,9462,8328,8329,8540,11674,7254,11022,5627,9589,8391,4926,6133,8472,7560,8247,9236,6412,5299,9353,8802,8289,13912,11488,10292,12899,10929,11779,9606,9791,12353,12453,9964,10754,10401,13956,9297,8163,8559,13007,16663,17451,22570,26599,29202,30520,30671,32555,29214,30453,22140,26063,22441,17609,17742,16386,14263,14190,14788,14046,9316,13620,13704,10251,10413,10329,10449,12462,12211,13441,13577,16390,14203,17735,19791,16961,18523,19479,16768,17410,18651,19799,15879,14956,16673,22366,22880,22059,19811,18144,20761,17671,13402,17845,15494,15458,12847,12276
42505,11569,10073,12294,9014,12112,12296,14210,11724,14658,12740,16461,21161,18827,17456,17872,17724,18045,17179,17033,13373,15008,10729,9780,9063,7801,6779,11444,9997,8058,12836,11222,14822,12302,9203,9135,10190,9590,3703,10284,5065,3336,6881,4990,6092,8074,5039,8116,7242,6291,9343,10876,11582,10947,10831,10205,13776,13408,10133,13519,10902,12897,12405,12249,8632,11247,9509,8400,11383,12616,14782,20154,20958,25425,30345,26398,33451,32786,28124,26189,26268,23427,18839,21037,17641,15842,15012,13087,15216,14877,9592,19248,13132,10489,9099,10536,10266,10159,13825,8757,15695,14187,13383,15713,13717,16440,15756,16141,17721,16243,19404,15320,15613,16433,15055,17025,24593,20673,18874,20880,17234,15672,16879,16449,15046,13228,13400,11701
40886,9240,8151,11865,9289,13750,12203,15066,11775,14482,16569,15583,15162,15645,19661,15988,18372,14182,13209,19022,13884,13672,11847,10019,10074,11210,6382,8546,12494,9157,11699,11631,11758,13052,11227,10895,11872,13514,5672,9096,10167,5597,5471,4724,4898,6080,6023,6450,8766,8408,9271,11187,11474,12049,13492,12534,13459,13068,13975,13927,17167,10812,15478,10526,10417,13431,11023,9164,10530,12773,13188,17391,22385,23359,24680,27472,29274,31622,24885,28408,23147,20337,22414,17192,17342,18386,15658,15303,15614,15937,12611,15248,13299,12108,12686,10066,11329,10500,12361,12647,14040,12899,13252,12488,14619,15042,15035,12538,15905,14508,19377,14696,15683,15353,20206,15630,23027,18601,20094,16432,19181,15984,16910,17265,16386,14587,14740,12716
38983,10476,8567,8174,12128,11245,11381,11492,12056,12109,12659,15178,14870,14344,15810,11563,15541,14929,11453,13581,11872,11733,11075,10968,10365,10046,8593,12023,12535,11403,12554,13700,17161,14805,12894,14248,15182,14594,8108,9326,6574,4905,6402,2350,6355,7408,5109,8595,7312,9889,11373,12329,12832,16456,15134,15546,17330,15588,14746,16388,16859,15888,14657,11424,14223,11593,9837,9892,10710,13589,15045,16862,17835,23051,24616,23695,25628,30078,23401,22869,21960,22553,21509,17498,17940,18345,14675,16587,17311,14803,11086,16438,9750,12042,9820,10314,10989,12477,7695,10629,10386,12357,11458,12308,13075,10414,12431,13632,13367,14733,15864,14462,14451,12950,14042,18547,21577,18662,16079,21516,18318,18448,12888,15885,16294,17855,14111,12922
42112,12923,11965,10933,12041,12113,11848,11362,13175,12197,10601,11218,12399,13674,14803,12934,12908,14464,10452,13219,13783,12035,12122,15224,10509,12910,10927,11733,15495,13627,17380,14346,14726,21241,15619,19201,16802,16651,7942,10069,7601,6825,5479,7266,5616,7662,7832,5775,9293,10410,13062,12484,14065,16854,18687,16606,18613,18465,17412,17275,18150,13483,16153,13586,11597,13011,9052,11454,12229,12124,12610,16029,15940,20406,23794,22929,20300,23166,22568,20230,16238,18124,18173,14642,15670,17580,17435,15595,14110,11779,12291,13523,13032,13173,11343,12031,9802,10622,7780,11424,12368,11786,12095,11352,9172,9766,12166,11006,11518,15711,15967,12455,11501,13900,16020,17062,19700,18786,21483,21186,17219,20093,19888,13797,16726,15279,12382,15183
43739,12104,11692,11150,9714,9166,11483,10859,10613,13111,9939,11754,11813,10522,11263,10436,12337,11458,13768,13370,13384,14587,10672,11660,12235,12275,11785,11202,12211,13483,19153,16707,22168,18266,19628,22041,18591,16120,10510,11999,9908,6909,7856,5816,7186,7091,6194,8964,9498,11423,13623,15038,16358,18931,21807,20159,20487,20632,19156,16794,18269,16967,17598,14864,13251,14442,12192,10165,10111,13099,11847,16858,16171,18494,21432,22971,18934,20077,16822,18735,17682,19636,17470,15931,14072,14275,17232,15969,16596,14383,12375,14018,12350,11327,9065,13723,10916,8370,10496,9229,8936,10789,8515,10479,13020,9312,10695,10874,12759,12781,13055,11215,14632,14988,15362,16465,22923,21782,18591,26001,22154,18954,18982,20697,16728,15413,12780,11143
44463,11880,14760,12346,10904,15214,12076,12492,8859,10908,10764,13193,8910,12692,9217,8643,12314,12110,12217,11574,9579,13247,10981,11839,9802,12566,13590,14099,15959,20095,19552,21560,22082,21727,21942,23441,18473,19879,11471,14871,12336,9522,6393,7686,7625,8713,9241,10991,9939,13334,13544,13815,19712,17778,21896,22970,22862,23531,24604,20580,21104,19282,15711,14927,12344,15002,11297,13906,11773,13643,11542,14823,13967,18051,18970,16859,18025,16632,14979,16695,15609,15470,14183,14425,15475,14668,11424,15108,13120,12887,9890,12131,12523,12286,12417,10398,9300,10945,8783,8527,11145,10103,10199,12213,10843,10751,10737,8934,11988,11976,13077,13549,16394,12935,15130,21684,26558,22929,22800,26424,23391,19925,19821,18317,19194,15355,13488,15855
47135,14944,13641,12828,13855,14233,10750,9158,11940,11164,8307,11458,8788,10443,10700,9197,10621,9750,11197,9412,13535,11121,7441,10272,11380,11983,12885,13191,17427,20310,23311,25082,27456,27507,23931,27109,22728,21343,13061,12160,11883,8564,9452,5810,9492,8662,8880,11099,11072,13873,19085,19904,21211,21283,28039,25891,24963,25674,26565,24280,24683,18751,17427,19662,16026,15780,11372,12399,9506,10912,11283,13158,17672,15041,18323,14721,14963,17151,16121,14560,15636,11892,14630,13750,15823,15787,12463,12575,13814,13394,7427,11792,11699,11015,9518,12255,10746,10309,8000,6130,10564,10782,8687,8404,7131,8475,9731,9682,11332,12537,15360,12699,13986,15163,16461,21382,26487,22705,25149,26895,23005,24423,22331,22233,19956,16895,18366,16206
47409,17202,14812,12353,14858,13668,10435,14520,10340,10829,11845,8208,8111,11271,11619,9961,11204,11511,9215,9487,9723,9102,10299,10993,9730,12631,16523,15652,20733,23231,27022,32725,28183,30071,28355,28014,24695,21646,11754,13713,10212,12047,12695,5982,11322,9516,12665,10523,14145,13702,14870,19460,19914,21734,23774,25678,29237,28225,27479,24615,23062,19282,18225,18916,16087,15563,11673,9429,11257,13290,10445,11934,10885,13938,14759,12572,14366,14912,15390,13045,14066,12510,11123,10848,14437,14980,12498,13039,14038,13331,11827,12620,11397,11383,11815,12177,13024,7784,9014,9023,13093,10034,6879,10779,7447,6961,9135,9187,9852,14865,12297,13361,13906,19674,22376,23507,26039,25163,26222,26539,24858,26402,24759,20999,22182,20798,17443,15611
49813,20580,17901,20015,14383,13299,12758,12422,10288,13699,9735,9918,10516,8989,7315,8268,9274,10541,6948,10238,8479,8546,9197,10768,11512,15484,15519,17489,20246,17911,24382,27796,28372,30479,29180,30708,24742,20112,14654,16156,10783,10995,11107,7767,13421,9694,10997,13295,9544,15636,17620,22043,24133,24379,26140,26207,28450,26946,23436,25929,26983,20214,17423,16561,15181,13974,9773,11861,8933,10097,10430,11729,11059,13628,13292,14114,13198,13613,13541,13658,10841,12755,12204,12446,13302,8712,9051,8808,13908,10250,6476,12085,9195,13665,10901,10688,10825,9327,6939,10585,13068,10383,8169,10737,5954,9934,8592,10033,13481,13416,15379,16219,15918,16661,20547,24491,28944,29196,26284,28461,28820,24959,21056,22768,21884,22496,19472,20067
53001,21419,22492,16339,15845,18886,15499,14350,8818,10823,12888,9066,9625,8927,9344,9043,9352,10173,7561,6290,7572,7696,9524,10216,10851,19323,14011,16096,22953,23139,23584,27241,29647,29257,29296,27022,23068,17774,12049,14251,13523,10128,8409,9024,9215,9669,13539,13300,11904,16876,19352,20275,19631,24481,26410,27651,28250,26097,25564,24255,24111,18862,19524,15468,15537,15156,10712,10218,11277,9719,8739,9812,12197,12157,11172,13395,12754,12455,12086,12737,11069,9907,8710,10949,10976,11595,12485,10384,11519,11440,5693,10485,9583,9517,10658,10778,13096,8883,11553,7299,11133,9984,8390,13586,8968,10049,10574,7885,10771,10918,13019,11892,15473,21223,20394,25132,26971,30010,29169,30429,33490,27263,27444,26215,24490,20797,22769,22792
59016,26934,22756,22781,19735,18819,14453,12505,11358,11978,11438,8853,10400,10542,7692,6606,9958,7348,8494,9468,9651,8075,7323,11700,9592,12212,14616,18358,19578,20839,25105,26970,31309,28358,23586,25959,25312,20730,15918,14913,13804,8654,11570,7817,9957,8842,9798,11752,13036,12752,16467,18580,24160,23454,26645,28061,26075,24302,26207,24291,21528,18977,16305,14241,14817,16044,11806,9879,12784,10470,9737,10926,13199,12126,11177,11878,13957,13068,10020,12762,11773,10970,10047,8089,13010,11180,9222,7527,7908,10820,7737,10056,13300,11081,10309,12341,9869,11189,9578,11329,11518,12013,9475,10187,11560,10515,9321,9606,12043,14336,13517,13932,16637,21005,23980,23895,30964,29899,30831,30214,30668,29231,28838,26209,24087,22993,22548,21779
55670,25917,23120,23137,22546,19278,15834,15860,12179,14394,9921,10140,9755,10891,6973,7665,9512,7224,5189,9424,8056,8444,9067,8669,10574,15445,14533,17130,17495,21142,26238,22793,24614,25952,28737,22226,19899,19947,11284,14263,12042,9969,12577,9407,8587,11452,11788,11468,13585,16934,13606,20162,21338,24453,24885,27971,21780,27805,24006,21100,19513,19171,14679,15185,14160,14991,11915,11438,9351,13783,12266,10771,12908,11799,12817,14311,13778,14487,10324,13176,10956,10780,8441,8346,10137,8331,8509,9324,11206,10274,7515,12047,10454,11179,12019,11987,9700,10864,11140,12030,12425,13203,11572,11912,11256,9761,13361,12061,9495,10457,13530,13061,12508,16405,22169,25921,27895,28269,30442,30416,28257,29532,26491,26027,22746,23541,24268,23398
57216,27137,29326,26060,20307,20510,16697,15197,13187,12657,10902,11610,9970,11440,9340,7091,7129,7005,6886,8271,8673,9100,8061,12003,9144,11659,12309,15176,16712,19156,22916,22591,23687,21326,22349,23510,18427,17580,12009,15326,13214,9446,8409,8659,9963,13385,9978,11232,10044,11448,12837,14927,19679,18379,22219,23494,23806,21065,22269,23481,19484,14907,15123,14094,13241,12296,13290,10523,9552,11474,11365,10006,12836,12789,15038,13134,12300,12309,13418,13356,9606,10917,9162,7805,9069,9902,9221,9131,11718,12537,8871,10467,10087,11367,7627,14493,11721,13163,11285,14195,13146,14104,10496,12134,12687,8895,12620,11775,11545,13698,15401,11749,16765,17462,19058,23558,31460,29087,29986,35347,28554,28714,25949,23022,25849,24132,23500,25445
65535,28349,27999,26025,25364,19323,17488,16165,13425,16605,13206,8854,9413,9358,7713,6076,8523,7375,7510,6824,6335,9305,11285,10639,9362,13762,11871,13861,15843,16632,21612,20947,22265,21946,18655,21506,18963,14014,9276,12466,9449,10164,7887,8347,10551,10640,9292,9943,10635,15312,13375,13409,15522,18936,21468,21521,21705,20576,24327,17978,17318,16347,15642,12292,13768,11197,12926,11766,10210,9675,10347,11824,13651,15348,15048,16444,12890,13370,16362,13519,10909,15055,8314,9622,10523,8615,8608,7855,8979,10954,9947,9515,9820,13976,9469,12783,13867,13678,13049,14257,17216,16973,13351,11997,16640,13035,12397,12315,13313,13525,11846,12089,16695,15898,20714,27581,28972,27142,26474,31129,26499,24823,21939,23764,23141,23471,24839,27140
64027,27418,29288,27841,21551,22382,20475,17737,11911,13692,11474,9171,10026,11061,9407,6984,8927,6324,6311,7811,7178,12077,7223,7497,9128,11843,13986,11904,12605,13948,18400,19701,16876,19255,15047,16518,18424,13875,10890,9797,10985,7039,11054,6006,9433,6800,9008,9848,8070,12826,11739,14583,12693,17726,18290,17308,17694,18211,15790,15685,18060,14224,12143,14391,15290,12870,10816,13216,11704,10461,10294,14713,18294,16924,16040,17625,23958,16473,16637,16219,11657,10884,11329,10773,11541,10059,11417,9650,11702,9985,6940,10466,9887,14003,13465,13909,15860,17068,19783,17144,19378,17485,16387,15791,13044,14755,12297,12521,11909,13124,13083,14005,15111,16090,18592,20430,25578,27723,22273,27040,24793,24364,23331,22217,22780,24247,27081,26580
62466,31243,31952,26127,25889,25495,19445,18690,12268,12447,12448,11003,10475,9450,8907,10848,7860,8973,7259,9900,6521,6865,7581,8191,10475,9141,11154,11525,13422,14944,16696,16491,17728,20666,13643,15362,13022,13202,10261,9988,10902,10603,9602,7892,9882,8804,7985,7208,5048,12154,12748,9894,16027,13383,14925,19846,17219,14522,15927,12173,12495,12785,13958,11569,12226,13100,10046,10870,13147,15607,11569,14154,16714,15497,20002,21839,20814,22410,17755,21722,16020,13633,10171,10667,11051,9596,10772,6786,14589,11973,6833,14959,11079,15350,12221,17483,16881,20249,21191,21356,23059,17377,20430,16367,14798,15987,14706,11503,10683,13352,13874,12343,14822,15136,19527,18610,23732,22230,25326,23331,23563,24634,20500,21275,21040,25039,24800,26863
58121,29240,30216,30406,24176,21794,16842,15485,12212,12467,12468,9597,12324,9826,6982,7569,8054,6464,7564,9035,4823,8434,5972,9795,11255,11287,9115,11139,11635,13166,12684,14851,14502,15161,8707,15661,11469,9771,7788,9783,9936,9279,7447,5777,12597,8474,8190,9500,7367,7201,7874,13285,11206,15277,14445,13655,12039,10136,12315,14309,14343,10464,9521,10797,10604,12256,11387,9722,12351,16626,12345,13467,22147,24084,22649,24518,24586,22601,18945,19112,15428,15477,13777,9777,10299,8513,11531,10176,12668,14390,9531,11031,12309,13043,14573,21069,21103,18106,24169,24723,26345,26609,20958,18939,18565,17958,15213,15508,14417,13002,13653,12454,15150,16886,20049,21207,22353,21753,21699,23570,19694,22834,20530,21501,22474,22968,26390,25195
57603,29116,29204,26689,21495,22974,19429,15048,14269,12015,13088,11035,11448,11370,10659,6777,8290,8151,5478,7508,7694,9657,9872,8475,9031,12409,7884,10486,10731,10999,12165,13421,11138,15032,10101,12118,12585,11386,7507,10343,7121,5973,8637,6871,11686,9424,7856,8386,6416,7820,8040,9225,11042,11673,11458,13467,12870,14005,9529,8759,9855,9713,10623,9920,11693,11214,10866,9341,9704,15180,14763,17547,22329,25415,26515,23087,25214,25080,23390,23898,17545,15976,14444,9713,14038,10430,8303,9989,11423,13588,9732,13180,11995,17647,18903,20740,23998,26305,22486,22498,25551,26154,20544,21420,20569,17827,13278,15971,15244,13730,13688,14721,13589,15306,17528,18440,17002,18682,20551,21558,17943,21514,19577,20625,19969,23297,25344,26396
61228,25411,26574,24595,20300,18369,16758,15067,13505,10974,12869,11072,10181,10479,9027,7213,5231,9237,3483,9338,9569,10074,6490,9357,8668,9136,6106,9731,9248,8550,11579,12588,11686,10268,8473,11064,10903,8883,6416,7604,10619,10961,10960,7895,13135,9703,8387,7172,5068,9553,9474,8615,11713,8104,10983,12655,10188,9415,7894,9018,10525,7554,8051,9706,9661,9887,9981,11515,12559,13256,16636,21484,24976,28934,29988,29518,26612,28736,28220,22646,19488,16007,14893,14998,13169,10670,13990,12717,12979,12890,9945,14567,15586,18429,18264,21194,23057,26195,29291,29389,30807,25578,22118,21951,21459,17669,18602,15086,13542,13033,15011,12681,16296,15438,14499,18247,17291,17002,14787,20686,16273,18900,14718,19163,20647,20363,20644,22655
56352,24103,19645,21712,20930,15569,16749,16332,13565,12962,12990,11359,10952,14670,8188,7957,7742,7818,7524,8116,7729,8523,10212,9702,10031,10347,7486,9228,9770,10456,8288,9861,11174,11325,8488,12502,11321,10667,6735,12226,10663,10217,10286,7997,12647,9657,10402,9798,6298,6344,11552,7585,7929,10552,10761,12865,10729,9398,9114,9013,9271,9330,8728,8374,8415,10519,9365,8401,14456,18277,16773,21183,28564,30622,27753,28363,30046,29958,26407,22808,20159,17066,15637,11977,13461,12224,11900,11281,11154,13592,6927,14882,16198,20626,19228,26406,26052,26770,28589,27341,30011,28627,22364,24711,21760,16472,18397,14233,16619,15059,17702,11359,12522,15109,16542,16745,17812,16724,16403,18335,16928,17888,14089,19046,19944,18928,21529,21688
50595,20118,19177,17756,16687,17315,17359,15859,12646,14145,10350,8565,7688,9942,8183,7907,6468,10665,7479,7484,6181,6884,6339,7365,7107,7613,7525,8395,9972,11093,10346,9499,9890,9240,10524,10347,8750,12551,5450,10381,13680,10687,11246,11284,13960,11756,11068,10183,8619,8696,9553,7018,9514,10364,11755,9841,7329,6668,8713,6081,11573,5452,5377,8400,8153,8296,11056,9591,12375,15821,19991,24324,26914,29453,30453,30327,32796,29397,26056,24920,19403,17342,12138,13232,14305,10606,10898,10283,12021,15456,10244,18498,17432,21781,21539,27152,25351,27405,27461,27741,31352,27437,25191,24337,19667,21164,18609,18913,18041,15013,16468,14154,11380,13706,15874,15496,16298,17033,14314,16180,14606,17094,13442,13219,16469,19646,18898,20034
51205,20136,19215,15087,14308,14288,13350,13454,11548,11892,11405,11096,9582,9973,9950,9093,8715,5144,5684,7445,5706,6725,6556,6445,5852,9257,9393,6724,9474,8189,7111,8915,12235,8778,7586,11949,10285,10705,7901,10161,11979,12411,12594,13948,12748,13753,12163,10973,10291,8417,8579,8490,9025,8632,8980,11968,7028,5559,7162,6057,4220,5590,5840,8564,8127,10941,10055,10809,12560,15708,18249,23034,25455,27295,29674,28473,30074,28631,24957,28502,23256,16238,14002,13039,13913,11306,10532,12124,14225,12361,10966,15857,17692,21266,23107,21250,25807,27348,25768,25052,29799,26107,22405,24484,20870,16845,18801,15304,17833,13777,14680,13684,15608,15691,17385,16061,15268,14540,12742,16552,13758,15529,14424,14764,16194,18650,16559,18316
48809,18737,14157,13622,12830,13777,10929,13639,7663,11330,9283,8077,6689,10938,7315,9217,5546,6900,5272,7540,6175,5079,6386,5744,6107,5742,3960,8461,7112,10895,9345,10887,10382,9697,8159,10343,10593,9233,9188,11776,12108,14342,16536,14538,16252,14477,14272,11970,15744,9953,11894,9386,9550,7635,9600,9481,10517,6714,5931,4794,5442,5628,6502,7544,8133,8625,9301,10467,16970,15290,18551,21852,26242,30077,30267,31824,30853,31604,24929,26400,22621,17262,15028,13582,12779,11909,9923,8555,13246,16011,10813,17161,17312,20794,20846,24255,30397,26798,30465,29488,30839,27694,26954,20155,22121,20214,17919,17414,16846,14381,17571,19421,16499,14618,13997,14236,15349,12106,12692,19643,12753,13940,14634,14052,15266,16090,14228,17104
42838,12110,14953,12382,10978,12940,11055,10557,7352,9209,9716,8525,8095,7569,5109,6726,7126,4906,7302,6661,6379,5230,5185,5360,6857,6626,4416,8338,8253,9507,9293,11121,9728,10470,6626,9706,9640,10526,9150,11995,14859,18396,17781,16001,19195,19214,18384,14113,13162,12308,12023,11756,9688,8797,9411,9067,6455,7669,6161,4922,9669,4822,4087,4186,8366,8438,8370,10038,13623,15423,15875,18240,24928,29050,25799,24543,28792,25666,26162,25523,16341,17603,12260,12556,14316,10430,8265,12942,12466,13899,12760,18407,14576,20114,20479,21529,27222,32719,26266,29179,30010,28726,21841,22518,18202,19675,19532,14409,16653,19760,17675,15493,17275,15343,16380,13027,16221,14427,12093,16927,12571,13238,14318,12288,14738,14734,14439,14193
39961,11008,13445,11483,9932,11453,10082,10671,8335,6940,9117,8851,9175,8180,6206,5104,7483,5037,5309,7492,5553,6388,8639,4870,6016,8162,5149,8309,9214,10630,8987,9404,9201,8380,5268,10915,8465,10669,6548,17151,16411,20846,20352,17798,22412,17758,18880,18745,13351,14922,14407,12079,10614,8833,8855,6523,9355,5399,5569,6442,7875,5092,1845,6359,6152,7443,9091,9028,14589,17074,19668,18248,23719,26195,26759,28465,24977,24735,20606,21988,16859,14857,13378,11164,11129,10329,9378,10533,12752,13453,10600,18747,14368,19669,20216,22946,21118,22229,28970,29490,23868,28235,21859,20608,18666,18821,18584,15102,14593,16180,20228,13706,15177,15687,15245,19955,16137,14803,15273,15934,13978,15947,12968,14867,15002,16656,15789,15881
41751,8306,9031,9677,11277,10637,7508,9924,9117,9015,7111,8192,5545,6634,8558,8318,8775,8298,5149,5988,8553,6352,6041,4518,7639,10188,7524,6483,9056,6228,9954,8209,9173,8772,6448,9078,7554,11406,11838,17859,20105,19311,24639,25644,24103,20705,20902,17203,15053,14331,14596,9969,10106,8595,7043,6214,9836,6832,5135,6718,6454,4664,6059,5690,4174,12438,9856,10617,11371,13352,14844,19192,20417,23520,26889,21599,21372,21016,19227,17218,13252,13340,12803,11238,9652,9181,12214,9926,11993,13238,11984,17230,16500,15085,16979,20121,20280,23423,23973,24801,25347,21412,18169,22600,18881,15270,15077,15547,18284,16062,17976,16395,13540,15552,14234,17449,18728,16502,15416,16401,14892,14691,14339,11917,17112,14973,13012,14854
41137,11030,8036,9959,11439,9009,6504,10108,9441,7214,7092,11314,6864,8125,6511,6149,6175,6324,5773,9979,6944,7650,5006,6301,7092,7740,6286,6568,7961,9005,7508,8523,10343,8544,6880,10232,8382,10567,7340,17747,20440,26044,26656,20841,23887,26353,24107,19525,16170,13704,12229,12361,12871,10369,10247,8825,6833,7453,6241,5196,5882,6698,4686,9049,4802,9080,8913,9102,10960,15056,14244,15665,18315,18758,22301,25154,19164,20940,14926,15366,13303,11655,10799,9949,11786,7579,7115,10532,9409,10366,10459,16538,15022,16951,12987,17715,18776,18746,19216,22542,23595,23498,19385,19069,17348,13462,14570,13467,13985,14881,20921,16648,19932,15446,19580,20120,21348,15550,15586,21071,14220,14859,16543,14436,14239,16695,9527,11502
41142,10240,10105,6994,11147,10149,9644,7818,7167,9623,8658,9266,6166,9693,6640,5736,9647,5593,9347,7908,6130,9380,7167,8810,5579,8060,6488,9348,9995,8040,8981,7215,9187,7718,4908,11101,8417,14117,9226,16950,20678,22506,22999,24702,24118,27019,27203,19842,18854,14555,14109,9623,13642,10725,9400,11290,9619,5445,9049,7701,7059,6334,5714,4111,6618,7436,6908,11278,10678,12689,13205,11686,17457,17605,14612,17898,16021,14556,14126,15172,12395,10178,12685,9154,9924,9160,8833,9587,9738,10588,10250,15282,11949,13795,17708,18567,16210,19642,15589,17535,20997,19252,18397,16269,15347,11632,11150,13076,16152,16480,18451,18253,16426,13865,18855,23245,24152,20570,18993,20131,17514,17263,12693,12388,13837,15691,11096,13149
42621,12597,11859,12812,11285,12227,11522,7327,5831,8497,6875,8510,5963,6099,7958,5756,9722,8579,8159,8395,8370,11887,7809,9733,8245,9111,9326,9544,8223,8120,9602,8404,11246,8268,5468,9454,9426,12626,10338,19512,18124,21891,28400,24681,26866,22709,23241,18966,16165,15639,17485,15279,12948,10855,9419,7077,7774,7960,4881,9295,6303,6871,3466,6373,6419,8782,7631,9424,12821,11194,13784,13054,15900,16565,14275,13173,14141,11424,11698,10538,11010,9001,10062,8217,11036,9747,7205,7840,10079,11470,9699,10587,12055,13129,11718,14549,17960,15860,18003,15637,18067,16597,14329,14171,15585,12576,12647,13228,13109,17412,15038,16179,17462,20717,22217,23865,29444,21744,17287,23583,17211,18407,18958,15262,14381,13720,12055,13929
46069,11042,12344,14946,13353,9987,10071,10066,4874,11566,6528,11001,6418,6351,7994,6044,6694,8190,10389,9781,10492,9751,7948,11159,10054,11373,10205,8700,9721,8219,8273,7781,10355,8155,7528,10967,10705,15411,10543,17207,20944,20981,22195,19989,26237,23758,21198,22176,18682,14581,16505,15697,12327,9990,11071,10740,6682,6992,6000,5940,5886,5837,6722,8166,7476,8423,8613,9871,11331,10690,10242,12048,10887,14948,11239,11317,13592,13656,9940,10984,10378,11841,9149,6236,9124,8921,7174,10316,12156,11568,8090,13836,11034,10569,12690,13310,14687,15626,14535,14141,15828,15366,13710,14428,11746,8304,11595,11160,12827,13936,15565,17556,14237,20225,24677,22887,28190,25711,24484,25360,19509,17713,17240,16455,15664,16614,13050,12982
42237,14476,13626,13091,11307,10292,9812,10331,6392,8187,7885,9029,7715,8403,8272,8378,9914,12235,9309,13716,10828,12303,12202,11264,14186,11523,9446,10948,12765,11483,9582,8591,9490,8647,7496,10244,11996,16445,8967,19224,20106,16514,19702,17678,22147,20781,21586,21386,14753,16070,16473,12571,13066,11166,9114,9386,10792,7196,6063,6649,7390,3471,5554,7906,5404,7788,7068,6124,8278,9789,8165,10806,9407,12701,10605,11956,11962,9607,11531,10731,12257,11575,9994,8494,9206,10605,7320,10991,11190,8493,9029,11666,13158,10974,11740,14351,14616,12569,12433,14766,12395,15418,12118,11101,11343,9709,8892,9244,12471,14605,15353,16713,17188,21712,23560,26899,28091,28275,25947,23589,23279,21770,16767,16159,16272,16398,15454,14621
48640,17219,17514,13329,12257,12091,9625,9778,9275,12035,9602,8477,7961,8141,9168,8104,11957,12186,11987,12442,13593,12001,15385,15288,14215,14756,15002,16152,14668,14074,8198,8671,9568,9993,8685,9013,9455,13665,9843,15531,17600,16403,19006,20517,21612,18679,20209,17477,17940,17256,17165,12481,12975,11281,9087,8182,11362,9432,4915,8808,7170,5552,6084,4324,8186,9375,7590,6112,10220,8796,8551,9530,9944,14666,11603,10588,10158,8724,8985,12087,7936,9655,8545,11938,10628,11453,12145,10290,14330,10451,10014,11768,10931,14951,10593,11117,12092,13884,10685,11046,13282,10721,6866,10333,8581,9081,7358,9524,10478,15626,17929,15872,18953,23353,27937,29561,37648,29899,30053,28683,23873,22448,22497,18042,19023,19069,13148,16280
49816,18321,17504,17391,15450,17498,12889,12685,9250,10634,11230,9683,9436,10578,9149,11495,13657,13621,10681,15901,12686,16983,14375,18923,17615,19202,16434,16360,14754,13764,11288,11801,9620,10034,9839,9063,8835,10073,8215,14854,14516,15028,17280,17379,17349,18069,15498,14248,10644,13914,13106,14201,10675,11133,10443,8684,8928,10268,5804,5828,10310,6805,4967,5412,6476,8711,5524,8942,10683,10937,9893,10881,8665,10058,9948,10770,6508,9717,8794,9417,9312,8481,9720,13063,9815,12188,11887,13374,10339,10675,8823,11998,10987,11103,11370,12862,11481,8461,10750,9396,8310,10268,6111,7426,8666,8948,8067,10351,9047,11237,14490,17775,18557,20854,29117,31071,33858,33986,28188,28863,25088,24747,19739,22324,20631,18270,15089,15961
50511,22396,19993,20075,17632,16910,13002,16143,10896,13897,12880,10194,10338,11480,9689,11008,15245,14243,13994,18916,17455,21473,16370,21234,19979,20356,17797,15928,16317,12270,11917,10874,10687,7007,7627,8352,11252,11281,8876,13510,18272,14932,16059,14234,15167,17595,14419,14978,13986,11389,11559,10657,11500,8712,10155,7750,7869,6593,7775,7072,7389,8400,5837,4399,8575,8979,6795,5891,8115,8751,8247,8304,8840,9970,9381,7776,9455,7047,10638,8606,10281,10416,14119,13603,12691,14233,16647,15626,15228,14376,12076,14905,10735,12231,14468,13382,10258,9025,9180,7885,9989,7711,6708,6880,7012,8053,8780,7195,10887,13002,18813,16908,22853,21226,26705,28755,31817,31756,30315,32052,27953,25131,18076,17601,17376,18717,17185,21220
61067,20322,19614,21798,15195,15111,13741,13390,13385,13658,12550,12584,11240,9172,11041,11379,14058,16434,15434,18688,17479,16423,18204,25719,21891,23407,20895,20389,18163,14633,12905,8391,9442,10373,6840,10174,8719,8908,8824,12584,12342,14291,12448,13210,13481,15630,12050,11801,9403,10678,11076,11688,10800,9073,9704,8449,8329,5820,5613,6042,8801,2912,8576,5463,7318,8253,6655,4876,8042,11281,9433,7930,7394,9349,9462,7837,7165,8546,8275,10022,11366,13895,14910,14397,17692,18682,16871,17350,21123,17283,13939,16358,12922,12068,11935,11825,8866,11179,7091,10762,13902,7506,6234,8668,5012,5014,7156,7988,8616,14590,16954,19441,19586,23917,28879,31090,37573,26490,26819,31503,23809,26058,21852,22244,18842,16892,20888,21005
58061,25329,24631,21360,17750,16898,17155,16135,11971,13512,12168,12164,10117,8855,9808,12396,11879,14646,16339,16860,19688,23336,22591,22340,23628,27825,19772,18739,19585,13302,14149,12154,11017,10083,6856,8775,6202,12188,6334,10074,11377,10125,12372,10329,12659,12497,12279,11525,8113,14035,13554,11945,11704,8119,8675,7369,5733,7762,9050,6309,9895,7506,4051,6917,6322,6301,7421,8401,6946,9934,5995,8080,8327,9326,7984,9261,10891,8341,7929,11710,14786,14206,17126,19749,23427,23305,19393,23041,21081,19549,14572,17747,14164,16566,10007,12956,11305,9950,8766,9455,9719,5355,3073,4618,5061,8163,6751,10066,9438,14464,15785,20469,19591,25482,27424,28569,30860,27313,27594,29320,22473,22943,18018,21450,19380,22902,18876,24394
64213,28901,26106,24326,21010,19348,17750,15073,10863,11358,13058,9881,12016,9656,9155,8602,14487,16649,16002,20049,19364,24276,22283,27293,28866,27635,24547,21346,21849,14515,12957,11058,12778,11073,8275,9739,7965,9894,5768,8878,10882,10316,10603,8771,9332,8425,9218,8728,8538,8616,9739,9116,12534,5784,6981,7700,8330,6926,4228,8243,7151,4890,5917,9087,6416,5854,7149,7885,6727,6638,8782,6670,5035,5837,9101,8175,7721,6023,10260,12855,13580,18643,21936,22955,24213,23273,25021,27073,23307,21417,18871,18767,17453,12081,12960,10125,11658,11050,10522,7700,12774,5301,6285,6478,5666,6474,5223,9602,10644,16459,16879,17861,23384,22459,25362,26882,30055,26245,26849,26349,21525,24329,19581,20921,22307,22263,21944,20729
63662,25089,24957,25119,20161,21474,15331,15883,9095,13936,11515,9698,8958,10542,10376,10723,15074,14302,14596,20583,20819,24640,24191,27118,29636,27189,23128,16369,20572,17611,14950,10400,11508,10562,7633,11210,7729,6969,5632,8411,9051,9009,10328,8705,10948,8264,7857,8392,6235,7655,9121,9794,8554,9900,9062,8101,4825,6093,8452,5752,6848,7540,5171,5751,10567,9494,7002,7698,6598,9214,7808,5742,7130,8029,7286,5912,13359,8077,10900,12580,16646,20529,23053,28653,23515,26880,28551,25141,26161,25794,17292,21575,15323,19205,12963,13558,11838,9845,7770,7980,9167,7544,6017,6440,3990,5266,7397,8080,12381,14431,14684,16341,19402,18863,21023,27599,26336,25794,24801,24295,21825,19181,18696,19634,20594,18366,23922,24153
58188,31987,26446,25047,16590,16054,15724,12931,9397,11903,11406,9593,8640,9181,9782,12147,12890,13700,17429,20395,17364,26808,24529,28901,28730,25766,22540,23333,16732,16522,13736,10268,10963,10222,6096,7285,9802,7236,4438,12776,6528,8818,8068,7913,10025,8321,6509,10589,6964,5195,6153,8151,8882,8437,6921,4353,5325,5524,6502,6557,6426,5805,5155,7564,6391,8531,7170,5358,6398,7751,5616,4697,6807,6975,8038,11047,7630,9068,12142,14117,16954,19367,21086,30253,29037,27798,27682,28855,27114,26934,18295,21145,20358,14829,12362,14619,9994,11073,8668,7811,11508,7889,3995,7001,5764,5884,8401,10754,10191,14015,18115,15534,17820,16398,20729,21223,24383,23355,18616,23683,20933,19709,18564,20232,17772,19003,21248,23100
58602,26800,23037,20075,17561,16962,14452,13059,11696,9883,7571,10330,9925,11405,9075,10322,12603,12837,14813,18261,19897,21254,21795,25089,23335,24279,22373,20173,18177,14181,13517,9981,10909,10164,7221,6770,7403,7191,5284,6281,8471,7768,9370,7947,9186,7759,7896,6759,6413,8567,7662,7895,9217,6548,8140,5731,6534,7522,6327,4597,8780,5432,6796,12571,5998,7505,6762,5524,4804,6330,3289,6190,9052,7632,7988,9228,8556,9059,10687,14608,14027,21069,20758,25129,27505,29518,33208,30572,32722,24745,18702,20037,15788,15508,13217,12523,12341,10783,10015,8277,10630,5450,3481,5522,6944,7084,8847,10847,11493,13422,12761,15184,18504,16655,16855,18757,21074,20342,15994,20709,16517,18198,16196,17378,21228,17528,19638,20154
57950,23445,20220,20283,17387,16649,12303,13681,9834,9155,10582,8587,9171,10466,10440,10490,12976,14925,14734,17047,22521,23639,17395,22972,22703,23084,18402,17246,14863,14314,13472,10326,12504,9219,6356,8798,7099,7648,6525,8529,11202,8968,11965,7586,9454,10462,8567,8665,4829,4486,6516,6752,4091,6308,6669,5504,5868,5767,7582,9225,9009,5907,7726,10442,7425,8974,9930,5536,6633,6851,4678,7320,9045,7442,8810,7635,7705,10781,10740,13459,16526,19285,23029,29055,29689,32503,28553,31148,29303,28009,19740,21903,16795,16316,14132,12793,11705,13106,11754,7819,8168,6541,4935,9239,6180,6332,11032,8901,10922,13592,12785,14686,15116,14288,18440,17589,19405,17956,15504,18607,16464,16498,15327,20289,19093,17643,18313,20657
51418,20989,17410,18154,13831,14085,12990,10990,8635,9340,13369,8149,9341,8792,6927,8852,10995,14739,12826,15113,16393,17286,16081,19441,21493,19876,13909,18051,16280,13393,14160,7817,9235,8932,8782,9377,8189,8832,4776,11281,6746,10451,10632,9884,10640,8643,8727,9878,5598,6958,6986,5418,7766,6025,5446,4492,5852,6504,6551,6145,11326,8110,9544,8497,8886,8580,8709,6647,6835,9372,6847,7415,8286,6973,7487,7215,8861,9615,9653,16361,15204,25735,22572,27879,31886,28501,27973,30388,27787,28728,23212,21113,14689,15828,11090,13583,13512,12274,8667,10981,10445,8044,3280,9152,7819,7569,8672,9055,8494,11273,14694,11419,13208,14825,14579,16283,18954,15220,14049,16296,12693,15841,15898,12831,15965,15806,18619,17690
48692,17850,17291,14850,15628,14320,10747,11331,7832,8104,10194,7564,9492,9198,8572,6598,12593,8984,11878,13034,15377,13132,15437,16021,17071,16059,15678,18273,11609,13606,11047,8835,9660,8140,7036,7092,8057,6294,7336,11745,10903,7648,12587,13614,11974,10550,13393,9545,6591,5649,6242,6671,6974,5403,7215,8258,9783,6378,8064,8370,10632,8039,6717,10774,10814,12734,10259,9821,9852,9432,7298,9891,10607,7242,8618,8374,8397,7041,11750,13227,14888,18473,20986,28335,26955,24452,27998,27870,24588,23485,20732,20268,16536,17184,13090,11402,14270,10406,13225,10378,9708,7846,7078,9189,7429,7397,9734,8045,10402,10005,14674,12374,13105,12838,14225,14401,18020,15949,12859,14369,12125,15408,16249,15134,15789,18303,18193,17862
50097,17323,16317,13873,11462,10337,6492,10485,7221,8263,5462,8814,7743,8728,5882,5684,9326,8287,9199,12984,13640,11825,12989,13453,13079,17614,12883,11334,11062,8994,9854,7863,10252,6111,4877,6987,9052,11972,5596,11739,12190,13085,15793,14143,15581,14052,14097,11081,7896,9220,7700,6507,6172,9608,8200,8597,6450,7650,11485,8695,12148,10710,9414,13604,11491,15875,13134,13673,10992,12015,8985,7649,7361,11420,8823,7229,9705,8207,9863,15074,15230,17191,22392,23813,24057,24504,26477,26434,25796,25382,14886,18404,15421,15111,11137,15630,11960,11998,11455,11271,12278,9525,5976,6792,8568,8138,7645,9121,9474,13431,11170,9842,11257,13622,12665,15333,14448,14402,14903,17089,14127,12477,12081,14464,16801,15517,15795,18741
47521,15864,14396,14846,10530,10080,10657,6351,8304,8820,8996,7239,6215,9644,7330,8373,6003,8840,8014,10670,10754,12481,13512,13131,15366,13735,10089,11040,11063,10307,11576,8298,9851,10193,4792,9832,8533,9802,8534,13665,13988,15512,18037,14435,16986,14710,17334,11584,10485,8262,6461,7435,6632,7728,7795,8444,10298,6920,9820,9770,9655,11284,10966,13883,14214,14193,15927,13274,14352,12926,11802,10744,10864,9815,7825,11342,8983,11347,9800,10850,13615,16995,16900,24414,20164,20952,22170,24667,20043,19355,9521,18442,10493,10829,9811,12461,11687,11472,12818,9100,11515,10828,9114,8707,8376,7836,7842,9934,8147,10246,12884,9814,12479,9751,11323,14188,15860,11108,15487,14999,13120,12953,15275,16434,14196,15346,16362,17210
44859,16361,13835,11043,9003,11631,7918,9331,8896,7477,11359,8429,8446,10049,8336,4265,7867,6186,10737,12389,8292,10319,9193,10011,9992,10324,7110,8925,11412,6368,11801,7941,7970,8672,5896,10325,7967,10837,11219,15461,14623,19082,20106,18899,20737,17398,16585,14024,8915,7855,8316,7830,7417,8285,7870,10414,9836,7611,9659,10162,12580,11248,16503,14858,14187,15245,19825,19058,15858,15463,14899,12271,11310,11320,9393,7986,10291,11321,10284,13692,14412,14283,16403,16193,19340,20197,17919,17073,17854,19430,12514,12735,10963,14478,10788,13243,11067,12192,14832,11218,10676,10684,7946,9447,6867,6433,11802,8821,11197,11366,11082,12694,12055,13612,11581,12390,13407,16073,14541,14797,14296,14046,15036,14746,16193,19073,17457,20119
46282,14854,12526,11902,6714,11794,7606,9226,8578,9399,11833,9904,10468,6563,8940,7558,9155,9111,8617,8831,6859,6121,9522,10969,8815,9714,5789,9899,7970,5566,10197,7627,9008,8472,5605,10657,8796,15025,10152,18639,17209,19156,22592,21481,25510,16669,20159,18820,10833,11670,10476,7516,8130,6793,7350,8639,11670,8147,7399,12941,14029,13023,17596,21756,20457,20404,20657,21195,19065,14964,15884,13793,12846,9928,8349,10104,8731,8289,10248,15734,11484,11701,13966,14162,13284,14849,14524,14593,20293,16295,11320,16187,10418,13210,13063,13067,12697,14334,10614,8830,9798,10893,7495,9177,10874,7507,7759,6769,8989,10615,12083,10061,12171,12609,11239,13269,15253,12601,12340,14532,14093,15194,15193,16934,18598,15313,20226,20903
44953,14797,14687,12985,10386,10789,7343,8492,6537,11023,12556,11267,8433,9922,8991,9640,9977,6044,9609,10394,5447,6703,5068,8108,7728,6647,4678,6994,5459,6701,7814,6165,8008,6961,3402,11068,12781,15887,16073,18525,22557,20764,25566,23967,25659,21489,20733,18929,13275,11901,10274,7543,6861,8836,7016,6912,9648,10047,9052,10975,15204,16367,13347,20599,23095,25051,22157,22753,17327,18381,14610,17505,15837,14227,10032,11349,12750,12132,9746,11954,11300,11469,13042,14892,10569,10916,13710,10998,13094,13264,9048,13305,10338,13240,9501,13204,11837,12076,12275,9526,12589,11108,8754,9652,7250,7801,7372,6800,9924,9907,12148,9350,15441,9862,10032,12232,13540,12740,11056,15729,13992,14912,15119,17111,18334,19258,17338,21271
43775,14247,14310,11639,13245,9850,7985,10587,6945,12233,10333,10614,14195,9661,11011,9673,10349,9076,8386,10331,8131,7482,6326,4574,7054,9473,4743,4505,6749,5017,7258,6782,7127,9305,7146,9540,12001,16704,14451,18729,21285,23968,24629,24663,27245,24252,21951,19206,12010,14064,11922,9631,7931,8104,9202,7550,10488,12597,10962,13363,16046,17600,18792,21802,22785,27578,24181,21910,21940,20871,16418,16423,14391,12321,13607,11703,10578,10144,12865,12593,8137,9127,11412,13101,11704,8641,10792,11513,10909,10933,6632,10189,7752,10020,9216,10196,9418,7116,11724,9613,8094,10302,8848,10078,6046,10022,9262,10305,9929,7957,11642,10444,10239,8570,12577,10152,12365,11430,12906,14667,13286,14199,13595,19262,16626,19765,19763,20576
46829,15899,13713,13721,12016,12543,10306,11525,11721,12365,10863,14411,15540,14153,10243,9177,11200,8158,6041,7411,5364,7609,4263,6273,5882,6865,4628,2922,6282,7219,6172,7520,8603,10123,9238,11479,13644,18603,16457,22914,26194,23155,29097,26518,24717,23907,24449,17535,14596,15780,12291,12608,9803,6748,7694,9535,10531,9269,15215,14016,15177,18679,21930,23794,23863,25744,26788,23217,22248,20223,20373,16164,17529,13365,12857,12432,10636,9661,9231,11473,10823,10321,10474,12585,10613,9058,8496,8627,11534,10833,4915,11821,7652,9671,10159,9583,13359,11242,10421,7651,10112,11369,9565,9027,11938,8124,9565,8343,10096,8498,10761,7525,11858,12389,10464,12988,13683,14123,10597,15004,12254,15467,14643,19689,22865,21563,18160,22346
48233,15278,17674,12793,12886,15230,11318,10540,13623,17256,10953,15692,14546,14525,15255,11306,11641,11264,8536,8370,7544,5127,2766,5616,2647,5090,7072,4568,4506,3762,5715,4721,5765,9845,8738,10597,12021,20246,16567,24057,23277,24777,28975,26120,26343,25657,21966,18968,15075,12028,11623,11336,11109,8753,10845,10266,10436,9535,12337,15172,18462,16486,18598,25394,23786,28002,27693,26847,25012,20800,19322,16306,15440,16593,12003,11404,9666,10967,9246,8428,6670,7887,9623,8325,8881,10976,7984,8389,9751,6996,5367,10381,9022,9161,9050,9059,10629,6983,8090,11038,10248,9219,7349,10478,11607,7007,7572,12481,11841,10091,11773,10363,8943,11220,9604,9794,15367,10129,11905,16644,13264,15123,17624,17235,20844,25161,21826,24779
48210,15896,17712,12306,13155,13681,13692,14168,13941,19593,17985,17224,15882,17546,15114,13512,12210,9615,7712,7587,6429,6650,4644,6565,4692,7835,1302,2890,6352,2978,4175,6036,4757,9176,7395,12163,13545,16076,17307,23458,26475,23656,26834,23508,25838,22396,22311,19605,13948,10955,12759,13738,8325,6833,10065,8324,11808,11526,10489,12698,18553,16692,21382,24709,25103,29370,28921,24499,19822,18832,20951,17943,15243,13842,11181,10630,12796,8531,10258,10790,8301,9398,7716,9098,9826,7355,6404,8855,10028,10558,4745,6459,6586,8239,7141,9263,8532,10844,7844,8917,11593,12722,13158,9146,11130,12344,7885,8176,9173,10810,10871,10733,11234,10410,13148,10737,14027,12021,10558,14327,11532,18255,14882,15766,20939,22103,27336,22727
45685,13869,16439,14967,13661,13569,13559,16380,12528,20869,21923,20637,19140,20417,15159,15987,13402,9635,10451,8812,7206,7214,4830,4299,4691,3238,3462,4654,4074,1230,4553,6113,7987,8633,7224,13118,11798,16084,14420,24430,23053,25442,26794,21267,23168,20457,18645,19156,13350,12873,12732,12442,8647,6417,10787,8770,10383,13508,12822,13469,17003,16248,16581,20637,23985,24762,24112,22702,22047,18988,16766,15178,15153,13131,12691,10479,11507,10111,7778,11266,6889,8646,7504,10072,11030,10407,6804,9744,9893,8517,6671,8849,9282,10319,5397,7525,7607,11824,10174,10039,11038,10273,9497,8891,9403,10056,11388,7743,9798,11488,14136,9215,13027,8995,12309,9141,13778,12437,11478,16175,11745,12998,14208,18500,21465,21549,23338,21381
43370,14121,14342,14550,11414,12993,16615,16153,14502,21093,22438,23639,21105,21015,20141,15629,12073,11894,10459,11190,5364,3560,2214,4042,4327,3704,3566,3568,2587,4077,2500,3520,6068,9693,6173,13780,12188,14129,14115,20855,22036,22340,23439,21200,22701,18598,16357,20461,11274,10423,11148,8121,6204,9981,5668,8089,8123,7522,9341,13443,16359,13723,17603,20532,19437,23585,23673,20739,22535,19433,13501,12444,12227,11108,12730,10209,13191,10361,8589,11385,9955,11338,8529,12130,9749,9190,11225,6559,10680,11806,9026,9452,7909,8255,7928,8888,9104,9163,9370,9126,10912,6991,7613,9582,7797,11318,9767,11069,10490,11571,13098,12177,11556,12529,10315,11367,12640,11902,11947,12064,10582,15803,15105,20240,22073,26496,21467,22053
40739,14501,14002,14162,13558,16513,15850,17769,18608,22161,24550,26897,25079,20600,21865,16700,20296,13066,8125,12087,4232,6533,4345,2316,3571,4226,2541,4812,2732,2956,5081,6932,8050,8530,8097,8233,11080,15160,11370,18098,19708,18401,18271,16907,18219,15926,15811,14126,11692,8190,7534,7853,7303,6293,6456,7124,10178,6800,9216,10153,12870,16880,15474,21327,16774,19999,20805,14997,18605,15449,15910,15405,13742,13287,10488,12710,9728,10381,10891,11567,9739,11219,9585,11553,11504,9184,8610,9137,13752,12008,9179,12069,9451,12794,8143,7941,10250,7346,10766,9515,9167,11541,10587,11917,9303,9146,10466,12750,12071,14186,16591,14827,10199,10324,11303,10338,15202,13548,12578,12374,12093,12018,14684,19256,20186,21779,22891,19976
42192,13869,12847,12586,13694,15015,13657,20887,19029,23590,24423,26949,25149,23463,21237,18741,17601,12952,12236,10788,5166,3324,1659,5648,4574,3735,3455,4672,5723,2793,4587,5507,6397,6764,8626,11043,10604,13329,11371,17847,17258,16412,18356,14729,16093,18655,13007,12327,9087,9859,9902,7463,8453,6182,5774,7828,8543,6743,10340,11001,13902,15200,12912,13442,18023,17312,19535,13659,16615,14652,14750,13046,12375,13002,13554,11180,12031,11748,10153,11777,11718,11057,17393,13081,14115,14441,15782,8526,11829,10901,10338,12956,6741,9474,9368,9919,8336,8192,7156,10424,11462,10143,10638,10876,11040,10075,12053,15903,16416,14829,15151,12038,14479,12204,12144,13392,12768,13052,11199,12811,11589,13874,15985,18483,23064,20514,20478,18728
41647,10887,13188,14420,12413,16339,14404,17393,18933,23258,28522,25091,26851,21820,22014,18462,16848,15143,9278,10689,6471,5301,4385,4602,6329,4530,4911,4200,5297,4579,6373,7703,8804,9374,5917,12108,8010,13578,14633,15447,15215,14158,11351,11517,12335,12511,8949,10557,7623,10465,6364,6694,7023,7134,7581,5345,6962,9837,6382,10109,11782,10321,13474,14336,12882,14914,13640,13240,17552,13888,11998,9625,10721,9954,9152,14057,10855,11815,10740,15832,12077,13596,12969,16627,13680,16485,17980,16640,15074,16844,11239,12573,9613,8998,8729,10570,5882,7992,9242,9286,10074,12976,13493,12706,14564,12210,14467,14794,17414,18207,18669,16033,16797,14271,13204,12940,14114,14599,11899,17004,10490,13497,15202,16873,16909,15319,17832,19336
42722,13705,11598,10440,15470,14112,15011,17160,20925,22610,27265,25318,24645,22867,19558,18268,17427,16770,9478,8026,7630,5330,3510,4815,6468,6199,3433,5137,4738,4546,5760,7491,10328,10821,6022,9733,12202,14802,8571,13585,13654,9012,12391,8800,12935,10945,8472,12054,7848,7760,8597,9353,8454,3666,9947,6835,8004,6174,8882,8692,9645,8920,9325,10218,9835,13558,11663,10766,11476,14050,10764,10064,9640,10213,13213,13322,9323,9367,10680,13322,13363,12811,17902,19597,19608,18276,19429,20442,17797,17609,10431,11146,9223,12764,8176,9222,8192,8417,12829,7783,10224,13946,11043,17186,14576,16733,20120,18077,18004,19655,20531,14587,15122,12504,14430,14588,16194,14665,11235,13914,12032,12733,12726,14496,16635,15143,16375,16731
41020,9718,11588,13217,14410,14552,15909,16858,20955,23938,23452,23962,25933,19595,19582,19602,15248,14126,10758,12894,7070,4405,4550,6856,6336,4961,7023,4132,5758,4153,5631,7164,6824,7636,9893,8576,9634,11713,10004,10451,10421,10789,8326,7021,9643,8187,10289,7958,3290,5401,9429,7621,9321,7097,9006,7913,6282,9330,7207,9154,9093,8821,11601,9511,10808,10758,12428,9138,8490,11867,9721,7017,8969,11391,11341,9637,8561,11987,12943,15547,14101,18211,19494,20723,24512,21627,23320,22486,23089,19462,11561,14690,11564,11112,7695,10414,9027,10227,8552,8802,14622,14790,10980,16607,15493,18678,20254,19750,23182,19834,20267,20905,18539,16472,15388,13553,18553,12767,13835,15385,14840,15803,14705,13291,15630,16922,13420,16116
40514,11178,10047,13501,11376,14013,14328,17149,17737,20916,21970,22795,19429,18644,19825,16339,13157,14555,10489,9178,6549,6537,5697,7005,7323,7612,4652,5752,4815,7366,9902,7364,8100,7291,8010,8529,8792,11029,5141,11110,9129,8716,6389,6323,7861,10521,8678,6648,5663,7824,10190,6167,7120,8653,8836,6113,8318,6277,7071,7553,7039,6658,7222,9571,9494,12648,11058,8678,8957,9711,9242,8515,8646,9217,8965,9480,9176,9752,9823,16758,18478,17782,22070,24521,23650,27569,25020,23448,24073,21157,15411,15453,13999,11875,10638,9063,9696,10037,11184,11153,14691,13876,14432,18571,20718,18290,21728,23621,23192,23717,25981,19848,19432,17089,15791,15696,13721,15107,15507,13093,12456,15436,17438,15716,14920,15593,11777,14107
37054,9317,12638,10825,9890,11935,14486,12966,13499,16587,18951,21863,18254,17971,17004,15900,14602,12508,11544,7809,7994,7464,3867,5797,9451,7134,4834,8361,6399,3112,6477,8129,10463,9792,6297,8015,8421,8802,4517,8497,6548,6770,8215,6248,7235,8983,6278,8128,6420,6909,8383,9638,10178,11170,7024,9795,10187,6252,8604,8262,12496,9811,9949,9114,6763,8697,7719,6088,10054,5906,8566,6322,7233,6597,10212,10218,11409,11638,11170,17909,16610,23767,24116,30156,28821,28363,27701,27122,23525,20579,17637,14820,12723,11547,10008,12035,11752,8455,12119,10589,14021,14618,14078,20782,21133,23531,20566,29831,27453,25951,26077,22154,19163,17121,16116,15974,16911,15910,13262,17122,10598,13106,16504,15220,12089,14859,14664,12499
40179,11291,8502,11178,9960,12010,12822,11904,13807,19272,14732,17860,16306,15135,16899,15371,13502,11632,7434,8367,7160,6639,3878,7003,7308,4958,3923,6032,6395,5567,5286,8984,6520,7362,4439,6144,8827,9029,5595,9566,9052,5147,6088,5080,7767,6725,9263,5740,6559,9714,8276,11054,12134,8719,11362,10684,10108,7346,10754,7325,10862,10463,8872,8156,9247,10288,6290,5260,7557,7876,5134,4587,5174,9353,7552,8952,9923,10989,16422,19269,17762,25363,26590,28968,29100,33369,26778,28028,28050,20192,16509,17201,13656,12437,10546,10380,9402,13241,10601,12397,15626,14501,14422,20733,22879,23518,23113,25703,30733,29362,28794,25718,24382,16454,18397,17572,16230,17220,13455,14232,14654,15712,14328,15593,12383,13137,14316,12266
37967,6868,9295,7507,9902,10082,10216,16724,14475,12910,16125,17455,14905,15993,11551,12457,11908,10077,7162,8479,4118,6070,1710,6031,7974,8246,5406,3959,5973,4781,5838,5731,9299,8856,5431,7944,8206,11920,2353,7871,7466,6984,8544,6205,7796,8703,10081,7280,8939,7519,10831,13204,12316,14007,15429,12386,11274,10615,11392,9168,11479,8181,7174,11064,5155,7407,6550,4705,4459,7058,6391,2154,4752,9377,7732,9926,10239,13348,16583,17348,19709,24462,26634,29809,30290,33148,28327,25358,22914,21029,17468,18166,11687,11526,11230,11338,9840,10908,13393,12324,13617,17898,16810,21815,21294,24529,24131,32431,27137,32161,28757,23973,23151,18749,19848,15531,16589,15145,14032,16083,15161,12699,14354,13289,15450,16194,14002,13156
44878,9737,9489,8808,10026,9051,11077,12011,11504,10603,12516,13312,14228,13377,12281,9219,9894,8853,9082,5189,6464,4569,5057,6787,7383,8542,2780,5641,6799,5261,6733,5134,5144,6062,4879,7924,6180,7954,4197,8603,8455,7038,9157,4293,8703,6226,7599,8918,8758,13004,13765,18551,15183,13345,18090,13485,14350,14151,9580,10404,13834,6858,7256,7007,4019,7310,5853,1927,9933,4902,5558,5485,5025,6848,11395,10283,11639,10522,15657,19626,19484,23848,24607,28451,31552,25515,31940,28984,22809,19540,14752,16374,12552,15486,11642,13320,13728,12759,13322,12645,16671,16399,17332,22767,25475,27407,27323,26000,28060,28312,28006,26639,23745,18994,23253,16117,20060,15905,15322,16737,14581,17268,17207,15544,15983,16223,11994,17062
43031,9226,9257,9418,8785,12210,8550,9783,9274,13792,9639,11866,11404,11967,9774,8208,10593,8145,5505,7423,2918,4175,3863,5960,5297,5493,4175,4881,4742,4697,4932,6086,6945,6732,6335,5971,7276,8054,7997,7616,4778,7579,7713,5122,5447,9749,9024,9542,8932,12874,17915,15158,16064,18681,20606,20127,21408,15344,11294,10887,10937,8459,6633,9978,6629,5537,7380,4245,3596,4804,6599,4767,6112,6252,10437,11383,9185,12486,14457,19749,19801,23522,25721,29772,31057,27790,26673,25603,23971,21553,13569,15110,13006,16664,10699,10617,12635,13210,13592,13630,15880,18107,17588,21449,26083,24651,25759,26996,27384,27786,28240,22863,24443,17047,18621,15258,17905,17540,16317,17400,15872,16126,12433,16094,12868,18256,15684,14045
39423,13081,11445,10678,10712,9501,6544,7963,8379,9089,10984,12772,7238,9327,9313,7356,6049,8073,4403,6007,4464,1778,3845,6135,4783,5343,3822,6213,2340,2606,4565,3507,6526,7463,7438,9071,5628,6566,4898,7712,5350,5957,6403,8559,8879,8013,9119,10093,7573,18826,17289,17952,24922,21660,22015,21062,20669,15442,16022,14527,9502,8771,4177,5879,5653,8790,4581,2819,4509,4474,4215,5187,6152,7601,7686,10098,11625,10048,12264,18503,19039,19470,23639,26328,25803,23500,23995,22652,22146,17252,12544,14684,11468,15418,8791,10910,11461,12956,13599,12740,16798,17032,18066,19378,22844,23434,27275,23561,25689,25068,27550,21382,24841,21421,18286,20265,18786,16394,17366,20698,17832,18600,17236,18452,15688,14608,13447,14409
41323,11045,9920,9641,6731,8259,6615,8339,6015,9527,6703,8910,10949,7604,7759,6259,6012,3313,4916,7119,2797,4040,3287,2018,3862,4212,3269,4550,5419,2840,3909,4304,4074,4096,1078,8846,5452,4496,5800,7601,7111,7282,7407,4453,6388,6656,9761,12261,14711,15130,19516,22621,24433,26430,27087,24130,22334,16903,13993,11844,13530,9307,8418,6788,5864,5941,5141,3178,4500,4595,6697,4480,6472,8965,11133,10763,13238,9730,13396,14737,18601,19397,19684,23445,24065,23350,21976,21824,19678,18761,12370,14698,13172,11375,10180,11592,11023,13802,13812,13778,14332,16085,16800,18964,19457,20897,20211,22946,23102,20659,24105,21493,20015,18072,18198,17728,22142,18786,20188,19332,17227,18590,16443,17168,18695,20067,19489,15050
43376,12105,8502,11301,8804,9471,9216,9488,4434,8354,7632,8698,10773,7520,5915,5484,7019,3392,4994,3112,2456,4559,1587,4479,4217,6015,3531,2833,4079,4060,4031,4548,9009,5844,4929,6450,4139,6360,3201,6839,6789,8037,7066,7984,8384,10097,8766,13700,13382,17904,22699,24970,26181,26136,30141,25264,20500,17035,14571,12542,11372,9145,5842,5795,6454,4789,4514,2446,7120,6944,7180,5134,5621,10902,10387,8666,13020,10086,11277,17034,16053,15016,18279,18193,19651,22375,20614,16898,16887,15670,14285,14660,13544,11790,10317,11568,11585,12931,12535,13301,16605,12364,15014,20525,19028,17536,20591,20170,21879,24343,20577,21885,19823,14737,20358,15340,20452,20688,16046,19253,19365,18533,18506,19720,17139,20486,17516,18111
47866,14907,11322,10923,7457,8687,8121,8059,4299,7807,7707,6722,8960,4706,6494,5185,6003,5300,2748,3712,2657,1845,0,4320,2292,6245,4483,3273,4800,4086,4923,4423,4362,5400,3870,8204,6161,7186,3841,6999,8167,7901,5384,4891,9214,10257,13371,17461,14814,17580,23981,22266,27587,25922,27373,28364,24719,18806,14755,14158,12493,11187,5036,8347,6691,8056,7555,4352,4986,4285,5686,6040,6981,9024,11706,8955,10285,11624,9552,14314,11516,16095,14861,18651,15602,15118,16888,17584,11865,15193,6864,12473,8806,10064,9953,11022,13065,12846,10480,9788,14317,11954,13769,15462,16419,17334,18572,20935,19298,19901,21757,15496,18315,14953,14237,18245,18687,17918,16753,20512,16135,19190,19996,19096,18761,18232,17769,20837
48554,11790,12561,11064,12389,13125,5647,8262,8407,7224,6855,11091,9573,8618,5827,6663,5601,2610,1823,3110,3357,5313,2798,4122,3825,5172,5292,4516,5478,7988,5191,5945,7641,6788,5530,7813,6780,6506,3862,5747,7146,4699,6820,6256,8864,9825,9390,16395,13087,16475,22164,24337,28884,27913,26244,24363,22938,17827,14549,13813,9726,7396,6868,7356,5704,5479,5299,2186,3612,6162,6055,5361,5312,5392,10418,11443,9367,10729,12639,11782,10824,12589,13190,14499,14497,11858,12250,11746,10629,10941,8260,9523,9312,11782,11471,11487,12808,10198,12164,9983,15754,11485,11422,14630,17979,14320,16668,17021,16881,15607,17211,14521,15289,13692,17880,13171,17355,14320,15909,21507,18489,19201,20708,19339,19377,20920,24739,18083
46138,17335,13395,12329,9796,9288,7198,10171,6722,8668,10436,9133,10991,8347,7212,4020,4343,5080,2312,5917,3549,4220,3645,3937,5357,5464,2795,5952,5470,5092,5449,6523,7834,8037,5294,6233,9623,6566,2914,7852,5456,7386,8933,8136,9116,8913,11432,14739,14712,20894,22015,22482,26947,28387,25460,24909,25143,18862,14805,10835,11262,8590,4231,7685,5254,6197,5311,1956,3884,6776,6009,6061,7091,6921,12711,8338,10436,9124,8572,11186,9803,12684,9416,12968,12387,9902,10915,9221,10006,13833,5609,11147,9684,10110,10019,11036,10624,12595,11705,8730,12989,13686,9879,16122,13818,14337,14657,13131,14087,13594,16223,13330,16746,13287,12515,15853,17111,14305,15401,18911,18257,19705,18619,22455,19937,25512,22227,19752
49419,15385,14676,14108,10476,13505,9741,11295,8331,11448,13058,14786,10001,9032,6971,4535,7091,4219,3668,4421,2955,5784,4743,7192,6885,7064,3965,6213,5727,5981,9391,4874,9626,8545,6188,10376,6685,9801,6406,8774,6833,6628,6701,5787,6944,8286,9221,10530,11368,17498,19104,20934,24279,26417,24410,25173,21048,14321,14713,10911,9295,9395,9784,4116,7128,6439,4201,5069,4645,3992,5207,5601,6085,12276,7859,9196,7757,8431,8234,7867,7951,8343,9452,9393,11118,8948,8039,8000,9170,7080,8190,9761,7021,12567,8596,9207,12530,12667,12172,9391,14033,8505,11542,12613,13876,13825,12099,12578,11181,12867,13387,11332,12200,10975,12986,14957,17299,14646,15504,19358,16653,19367,18767,23376,24626,24675,24735,27143
48462,17573,16866,13073,16209,11571,11989,14371,12019,15004,16181,12584,14404,10953,8870,5081,5222,7060,5274,5590,6932,7534,4870,8002,7360,5630,6320,5384,6889,7888,10432,9587,10343,10515,7104,12256,9972,8709,7188,9103,10647,6915,8362,4106,7970,10342,9668,10432,13898,16122,17411,20479,23919,22027,24926,19101,18160,14615,14052,12184,10906,7958,7449,6444,5028,4813,7953,4705,5075,5205,6280,7846,5081,9186,11708,8798,7609,7837,7191,8035,8225,6992,8785,8720,6401,8429,8511,6626,8280,8367,4354,11731,9612,11499,12035,14237,15389,11332,14000,8412,14043,12120,13623,13310,11083,10505,15051,11322,9772,11337,13215,9376,11600,10140,11599,9833,19108,13715,15051,17896,18845,17911,19712,20251,24674,29033,25512,24362
51057,20074,13453,13847,12937,12149,12304,15572,13151,15065,18305,15896,14831,14858,8861,8223,9457,4475,4144,5986,4673,6647,6105,7633,5892,7041,8563,9242,9460,9187,11446,10992,11400,13285,11241,15245,13990,12432,9073,14125,8735,6193,8147,6271,6295,7998,11098,13235,11847,13836,16463,15514,20213,19110,21950,22533,15823,18530,13135,11025,6147,7579,5832,3987,9233,2868,4924,4644,4527,5534,5061,5341,5353,7035,7619,9143,9022,7333,8586,6896,5564,9396,6401,6407,8266,4113,3862,8348,7318,9199,6774,12590,10706,15041,13142,14754,14191,15258,9395,12017,13059,10159,12390,12060,10245,10976,9079,11576,7351,11058,9506,9710,9795,9493,10980,12305,17724,14009,13833,16582,15579,20817,20652,21402,26505,28929,30260,27283
52273,19043,18824,17863,15142,17799,14884,19233,15216,18118,21480,17987,18018,14455,13676,9078,8907,8582,6042,8612,6484,6090,6977,7813,10265,9336,8086,9064,11104,11469,14592,14735,19036,18038,13301,17485,13983,16099,9913,9819,7371,8010,8864,6948,6253,9938,8463,12948,9902,11703,18465,15721,17345,20407,16279,16136,12947,10694,8535,8574,11057,7641,5451,6146,6433,4146,4350,4334,5779,5035,5195,3615,7278,6489,9115,6413,10583,7455,6513,9056,3853,5038,6489,7332,7338,2976,3487,5539,8548,9314,5500,12490,9661,16677,13546,16134,19004,14465,13244,12577,14339,11606,8394,11429,11175,11120,9039,10467,9144,9866,12544,10399,8140,7756,9432,12619,13404,12885,15175,17154,16026,16047,18055,21679,23056,27956,27028,24642
45531,20514,17755,17584,14168,18014,17941,17755,19964,21835,22272,20408,20184,17256,13753,10281,12276,10684,10428,8959,8381,8835,5600,9844,9479,9890,8885,13006,10742,12871,15372,16141,21491,21339,17940,21463,16827,14638,12217,14519,11167,9955,9508,6629,7827,7655,9966,11482,8336,11033,11505,12194,14737,16161,14566,13598,13875,8436,7228,7481,8337,4635,3577,4080,4721,5841,3100,3100,5920,7456,5047,6165,5251,6562,8021,7167,8185,7424,5930,7388,4194,5284,6684,6286,5110,6175,5669,8853,9087,9995,8097,13808,12484,17994,17761,18857,26467,20199,15287,14134,15286,12725,11788,9974,12254,9233,11083,6793,10297,10532,10720,11280,12394,10206,12951,10879,13771,12432,13220,14571,13083,17443,16590,19646,24395,26393,27556,23202
47520,18636,18414,19144,16234,17837,17371,24545,19855,26477,22680,23268,22680,21831,17421,11495,15314,7919,8234,10068,6984,6448,8629,8497,10395,10926,10898,12774,12609,14822,22962,21374,20207,24670,21968,22572,20850,18068,12263,13081,10817,7452,9160,8277,7849,8403,10903,8130,9124,12362,12001,14402,12640,12313,14823,12222,11538,7944,8631,6166,6102,6530,5632,4006,5101,5584,3639,2373,4120,7178,6571,5163,5452,7350,6919,9635,6851,7145,7769,7870,7364,8217,6511,6315,5231,2155,6915,7683,7763,10107,8254,16029,17609,19403,20012,21974,25456,21566,21049,18953,16075,16288,13337,16112,9168,9061,8366,9205,8862,11863,12103,9136,12520,9670,9466,9766,13554,14611,12777,14655,16044,15668,15990,22143,22456,24534,27001,21936
46597,18532,17364,18218,16515,20559,20640,24967,23048,23634,27473,27086,27180,18565,16369,14930,12926,12628,9990,9608,11031,6496,6838,9030,8197,12885,11834,14298,15129,20086,21675,24231,25259,27141,26314,23187,24123,19980,14025,14998,9580,8519,8851,8237,8025,7366,5861,11735,8083,8013,10130,10881,10050,11429,9572,9546,10790,6482,5056,4924,5746,4861,4905,4483,3564,4915,6432,3556,4916,8430,7834,6166,6699,8364,7932,7663,7779,6268,7406,8129,5485,4043,5941,5384,7661,5740,4395,5057,9880,11161,9743,19736,20912,23413,22284,27401,25449,25137,21884,18205,18970,17520,13065,12939,9303,8875,10246,10389,9273,10716,14245,9762,11489,10587,12476,11786,11052,13638,12094,15301,15208,16763,18659,19280,23257,23700,22560,23993
44659,16260,19784,17418,17201,20813,20993,22893,22496,27677,25239,29239,26613,21427,17036,15606,14763,12775,9581,7599,6926,5905,5976,7631,11174,11518,10765,12891,19643,18907,21359,22614,28009,26966,24837,24530,22240,18359,12554,13072,11599,11411,8855,4882,5880,6059,6075,6552,9900,8696,10219,11871,10675,12082,9747,6723,11910,3460,4636,4642,5688,2713,6092,5825,5530,6346,6436,3382,7289,6050,5413,7131,4712,7823,9176,7430,7090,7765,6984,6191,6388,4433,6143,7598,2524,2837,4032,4425,12237,16565,11629,22254,25354,24166,31117,28350,27834,27072,23226,18980,19655,22528,12797,13898,11971,11720,12331,9174,10350,8320,14323,10237,13431,6899,10271,9921,15125,13696,10531,14254,14216,14501,15785,17842,19117,21474,18285,20547
48271,17295,17438,17787,17118,17943,20474,21183,27158,26186,25410,25834,23695,24865,19554,17067,13199,9736,8825,7694,8111,7112,7760,7406,9540,13351,10693,16059,15331,18931,20100,25531,24334,27376,24075,24564,22654,20010,16819,16665,11816,10860,10980,4849,6712,7238,7998,8085,6114,8314,9062,9698,9624,9978,8793,8024,8775,5748,4636,1618,4338,2761,2287,5744,3774,3943,7029,6504,7908,9144,7351,9012,6053,7622,7851,9730,8328,9113,6994,7101,4149,5668,4673,4456,4605,7013,4670,6959,10356,14203,12805,21465,22017,31763,30733,27293,31684,30690,27795,25007,22877,21036,15385,11747,13063,13041,10715,9656,10804,10361,13486,9735,7617,10708,10001,12824,14443,12329,11718,16799,12376,14978,14536,19482,17184,23051,19147,17542
41213,13076,15983,16925,17264,18387,22121,26081,22937,24112,26006,22385,22263,21261,17093,14202,13186,12052,8874,10322,7325,6722,5999,11791,6828,11663,10503,12075,12699,18502,21916,23438,25752,24995,24865,25061,20997,20765,13662,14226,12895,10894,9241,6643,6860,7629,7996,6505,4973,8878,11025,5755,9519,10812,9949,7092,7690,3601,2524,3894,6197,2923,5318,2876,5823,6018,7085,6016,7295,7005,6680,9792,10097,9439,9482,9044,7409,8485,7177,7845,3656,6467,6855,3406,7216,3017,6152,7857,9429,13937,15817,23142,26472,29220,32509,30634,31212,29190,27273,27698,23059,17944,14237,15933,12742,12920,11838,12564,8801,11297,14125,12136,11073,9366,7439,8173,12671,11054,13289,15112,13909,15504,15409,14583,16507,16075,16157,14046
43902,13285,14801,15316,16074,19675,21683,22576,19968,24915,23438,28374,21804,21712,15585,13543,12002,11144,12008,9920,8061,5429,6591,6454,7427,11543,8769,11591,14869,17471,21807,20007,29685,24269,22872,25414,21769,20083,15097,15809,12667,9449,8506,8319,6334,9071,7925,9208,8374,7760,7608,10082,8104,8239,10650,8091,9535,6306,4233,5125,3738,3455,7126,3133,4200,9008,10368,6610,12213,9536,10701,11090,9363,9164,10212,8337,8570,7091,9897,7158,6205,3936,7076,10180,6223,1867,3966,7456,13518,13692,16045,26315,27765,31183,27542,33381,35964,33611,30015,23844,21400,21277,13319,14582,14862,9658,12821,9506,10354,12523,12551,9388,10223,12048,9629,12270,14137,13389,11935,14550,14353,12133,12583,13943,16599,19074,15527,12431
40512,13863,15723,17812,13864,16622,16942,21378,15114,24283,18996,21053,20772,17163,14686,12130,12762,10303,8627,7856,6419,7513,6705,6506,10905,11571,10819,12052,14062,13605,18709,23284,20432,23373,23029,22361,18081,18781,11796,15356,10414,10040,7387,6968,7808,6942,8631,8294,7511,7900,11578,12658,10310,8706,10600,5729,7395,4899,1347,4461,5542,1338,3546,5101,4428,8729,8942,11459,11519,10957,9606,9892,10718,11214,12641,9283,10671,9484,6994,9358,7991,6698,5970,8294,5421,5508,4457,5767,13629,17964,13207,21434,27439,28930,27892,29943,34379,30616,31175,24186,21403,22516,14833,12631,12666,13709,13043,11442,12903,10756,13348,12350,10900,9939,8599,9828,9611,10569,10374,15151,12979,12146,13710,11678,14582,15780,12437,12085
40002,11292,15437,16745,14139,14972,15016,16065,14015,17471,15813,15796,18934,14973,13315,12110,13953,9984,6304,8287,5263,7540,5851,8704,8024,12634,9995,11680,12913,12789,14745,18886,20631,20513,18109,19527,15670,17986,10984,13419,9273,8200,10205,4882,9825,7375,7003,7489,9181,13072,9698,11342,13252,8339,10167,9017,8149,5815,2869,2032,5695,3618,3782,5740,8359,7430,10251,10104,10445,13966,11480,11707,8498,14561,13379,11734,12532,11170,6555,9665,7022,7741,6186,7270,5609,5184,4159,9371,14357,13823,13856,20227,23258,27270,27811,29077,29486,30100,25494,23149,21042,18466,15680,14521,13481,13039,12838,11209,10768,11897,12018,13495,10250,11650,13083,9529,11530,10455,11722,10890,11018,12537,11992,11433,12220,14314,13796,12415
37031,10196,15174,14106,12256,14998,13672,14625,13158,15748,15558,18044,15754,13749,13406,8177,8435,8606,5939,7519,3241,6418,2833,7963,5881,8483,12021,8533,9283,9482,12750,15896,16245,12961,15343,18535,15090,12647,10222,12802,9578,7261,9376,7867,6982,9169,8369,8435,11149,11570,13681,12282,14631,14073,12231,9567,8980,8173,4085,3588,6359,5193,3721,6126,7478,7920,10857,9028,15834,13850,12292,11450,12773,13155,13991,12707,14495,13797,11759,11419,7692,6550,9170,5736,5943,4805,8317,4833,12146,15760,15196,21854,21243,26804,24423,28601,25148,29307,23871,22777,18921,18577,14869,16899,12210,12311,15100,12383,12729,13764,16691,10902,10536,8793,11805,12018,14065,9204,10660,14349,10994,10964,10531,12410,11506,13767,14041,10168
38231,9185,10465,13836,9857,12063,13307,17215,11678,12106,12307,13835,13948,8487,10054,8498,10394,8573,6881,7540,6009,4463,6117,5358,12137,9883,7389,10655,9631,10720,10119,11528,12806,12535,11007,14986,14868,12497,8606,11238,9683,10235,9975,6997,13584,10338,10774,15285,8104,12415,13570,16687,16537,17246,15345,12989,12271,7962,6986,3843,8447,5421,5024,7584,7768,9448,11404,11855,16210,16480,14961,14881,17112,17933,19814,15301,17046,13802,11942,11925,9205,10389,6585,6282,6651,5183,6660,7261,11564,12442,13876,20359,20206,22736,25520,26377,22424,25473,20000,18287,18432,14462,13155,14163,12390,11520,13353,12361,12863,14528,13865,10273,10115,6092,9791,6714,11826,8996,12737,14436,10366,10360,11011,10504,12101,12190,11130,9453
35087,10374,11562,12975,10287,12740,11616,14322,10864,14639,13685,12111,12039,8262,7995,8793,7672,7637,5497,8274,6859,6417,4824,9834,7684,10117,7887,8894,10874,8234,10003,10714,11277,9400,7918,10349,11592,11819,7242,10525,11673,10385,7015,7540,10490,8869,9712,9129,10733,16264,18050,17281,18341,17275,16074,13365,12943,11339,8222,7849,7535,5856,4661,8481,7429,9375,15426,12057,15024,12984,16688,16218,17298,18032,19112,18871,18453,19187,13379,14645,9617,9855,8658,7721,7473,4745,6059,7258,12606,14231,13836,19394,18962,18130,22104,21059,24410,21217,16421,16010,16236,13745,15396,15509,13033,15428,14432,12926,11970,12391,10980,10867,8491,7510,9051,9481,9637,9957,10310,12234,10287,12113,10486,13832,6869,12444,9132,12915
36209,6749,11377,11355,10208,12139,12957,12106,10448,12612,10794,11204,12058,7323,8067,7601,6411,6712,5301,10088,7539,9260,9470,9682,7241,12207,9254,9276,8242,6745,7856,7093,9466,6568,9309,12559,8121,12719,7201,10342,9320,5080,6857,5971,10385,8789,13907,12311,14681,19214,17970,20200,21868,19877,20651,17763,14060,11401,10693,9272,10192,5695,5666,6840,8302,9349,12883,11636,14309,16331,15487,16548,17968,23862,20065,19122,21868,18768,21008,15705,12316,9699,9040,11672,6678,6187,8270,9218,7373,11945,11990,14650,16334,18045,15794,21620,19315,16279,13392,13279,14484,15474,12403,14238,11315,10285,13183,10882,12078,12985,12064,8520,10018,7312,7576,7875,9961,9077,9860,11489,12230,10905,8893,12445,9380,10403,8430,6855
39118,7904,7780,10771,10377,12010,11520,13001,10076,11228,8702,11374,11903,6184,7229,6746,7508,8125,6183,9677,5707,7083,8624,10835,8797,9816,9140,5006,6925,3323,7282,7967,6231,10075,4778,8079,8320,10250,6049,8368,5879,7203,9514,6122,10019,11364,11930,14527,17211,21394,21822,24380,26650,26021,22057,18250,18769,12490,10188,10265,8373,8506,8358,10831,9908,9888,11022,9612,12949,15317,18104,17874,17744,21619,26234,20556,22161,20459,21188,18441,15147,13301,7644,9084,7610,6175,5660,8853,12192,14704,9140,13261,13379,13936,12275,17329,18065,15762,15160,14049,13085,15031,12102,10609,12140,11527,10816,9874,9943,11026,12949,10285,9778,9126,8149,9033,12919,11076,8864,14701,10735,11129,10750,11543,8767,11825,7424,8365
34477,8228,11311,8825,10315,11053,9287,10876,8834,12830,14033,10730,6372,7014,7859,5371,5739,8778,8559,12729,10222,8854,12774,12026,10788,10305,9123,8308,5879,5301,5809,9089,7709,4867,5489,9399,8540,7986,6375,5946,7933,4257,7864,7154,12423,12031,13022,15822,18091,21700,23885,26345,26248,25316,23858,20763,19617,16207,12267,9948,8666,8613,7640,9304,10509,8640,12696,13536,14346,15459,13274,18486,20679,23930,25979,23280,22689,22733,22861,21547,17296,14171,10203,12094,6611,6455,7570,8181,9001,9715,9889,13737,12175,11281,11766,10981,12429,14276,11462,8343,10803,11367,9079,12551,8510,6874,9272,9727,12209,11334,12589,8922,9793,7937,9424,9622,11417,9886,10208,12432,8961,10531,9375,11121,8529,8650,8696,8566
36058,9635,9683,10270,9594,12425,12329,10996,9185,12190,11942,8992,8926,9093,6226,11713,6370,12441,9872,10725,11656,16010,11243,12289,12278,11765,8127,6883,6768,4931,8016,5616,4412,5575,4440,8306,6830,4875,3344,7771,7972,6137,7531,7561,10739,13246,12742,17732,20072,23723,29234,24780,25731,28799,23202,21301,20307,15152,13308,9812,8211,7714,11644,9549,11843,9452,11453,10579,12169,15078,15261,20321,20635,23526,24889,24659,28173,27442,21232,24341,17208,15757,13101,12482,8360,8833,7359,8319,13095,11243,8970,11553,12046,11378,12820,12744,10052,12325,11624,9135,14320,10316,11012,9338,8693,9789,12528,11714,9443,10022,12110,9844,12053,9059,11752,10248,11696,9207,11004,11229,12735,11476,10866,8946,7759,6531,8447,9551
37467,7375,7803,10054,10573,10373,12123,12493,8482,10490,9225,9712,9966,9039,6650,9768,10625,10826,11451,14572,13287,13951,12798,14491,14707,10736,9415,11274,7452,8522,4857,3781,7353,5781,6141,4468,5200,6290,3419,6043,7965,9081,9685,8896,11264,12085,14302,15717,20008,22814,26316,29383,26960,25037,28076,26187,24076,16724,13278,11203,8604,8666,9703,10068,11750,9208,11454,11358,11518,15262,15748,16019,21765,22693,26822,25835,28976,28086,26531,21425,16479,16970,11403,12731,9634,10461,6502,10928,10458,11091,8703,9257,10115,10827,9439,10366,11144,11862,9265,7386,12408,8072,6767,11149,9327,9610,11087,10123,10139,10684,11772,9584,9621,14167,11513,12808,11354,10996,9978,17258,12648,12614,9904,9253,7798,8690,9129,4976
34935,7552,9440,10863,8913,11510,9487,13536,10394,11228,11852,8950,10565,11764,7243,8997,11912,11918,13209,17169,12869,17521,16571,17269,15046,14648,10511,9895,9245,4615,5204,6016,4381,5594,3342,5613,4506,6217,1913,6486,8653,6844,9729,9592,12319,16027,13915,17191,17645,25104,25541,23938,28019,29082,25938,22376,17445,16825,12743,11556,13063,9572,10327,9374,7270,9502,9095,9150,11590,15081,15770,15365,23656,26380,31641,24625,24504,25310,23256,19688,15251,16699,13579,11714,10407,8297,8809,9244,9927,9858,7321,11386,9349,9921,8048,10877,7567,8559,9372,7459,6973,6738,6196,11361,8423,11295,8920,11981,9762,11513,13094,9410,11894,11693,12291,12420,12833,11953,11675,12687,11955,11708,9910,10565,10157,12048,9017,9897
33595,8975,7530,9707,8338,13030,8783,10030,10527,11205,11978,11364,10603,7909,11583,9600,15412,13225,13429,17047,17651,20112,19309,17945,19804,18973,12850,11079,7241,6214,6040,3607,5075,1065,6172,5834,3730,4436,3132,8716,7190,6189,9880,9023,12104,12237,15170,15317,17793,21237,22199,23335,23371,25095,21737,20946,20584,15431,14245,13974,10429,8684,10849,7430,9319,9531,7340,7205,11891,13130,20205,18536,22043,25535,28708,26762,27082,24095,25909,20274,15941,16484,17823,13297,11498,9131,12113,7854,11165,10629,8200,12376,8582,9949,10703,11181,10898,9390,9874,4669,6708,4646,7725,9915,9732,8848,12459,11355,12128,12123,15974,11597,13886,10314,13840,12200,15113,11956,13439,15470,10410,12760,10293,11682,9948,11467,9666,9674
37161,7986,10234,8884,9198,10739,11590,11120,10166,11362,10323,10693,12229,8751,9012,16246,17987,16479,18005,23149,22728,23351,20173,21206,21867,17292,14335,12636,8785,6340,5002,3037,2394,6964,2097,6776,2756,5128,3871,6815,9059,9032,14011,10155,13828,14657,14671,18622,15927,18320,24029,21030,25352,21414,21580,16723,19183,14219,12427,8810,9356,10257,7309,9821,9252,9060,10743,8197,7996,12958,13774,16209,21000,19070,26420,25317,23606,24066,20391,21738,13222,14270,12128,14098,13133,8972,9721,8413,9805,10774,5815,12283,12783,10091,6751,11489,10458,11854,7134,7126,8368,9727,5261,9336,9768,9280,8699,11246,9931,11043,13826,11750,14635,11131,11393,15851,17915,14422,15139,16904,13164,12468,14035,11357,11889,11487,12399,9999
39346,10131,11522,8330,7628,13068,7996,10691,8504,10793,13870,9573,11375,12918,10618,12068,14483,19312,21515,25188,23315,23208,25175,22503,19632,20964,14552,11174,9594,7025,5424,2571,5822,3988,4077,4628,4908,6375,2428,7902,8439,8534,8320,8498,11302,11919,11728,13901,17231,20543,19588,23120,20925,19539,17956,20049,11052,14295,15574,7710,8344,11177,5840,9829,7220,8522,7518,8515,8569,14156,13616,12074,18901,18152,22595,21193,18214,18300,21129,18253,13727,17167,12351,16542,12196,9566,6983,10804,10368,11666,9625,15731,9026,11220,8398,11374,12070,10433,7875,7362,8924,6966,8199,12138,9718,10131,11196,10818,9676,16287,13665,13143,13874,14491,15709,14813,18988,15998,15634,17668,14226,14956,11170,12500,13372,10156,12176,15417
35930,10750,10925,12831,7498,11993,9819,10792,7168,11600,9967,11455,11304,10864,9614,13786,19674,21279,22182,25047,27235,24190,25197,20405,19214,20257,13843,9713,8384,3423,7323,3836,5677,5032,4314,7055,5422,5472,3862,8118,8828,6775,6811,8853,11719,13295,11592,15394,14461,17112,14793,15411,18073,16351,13623,12433,15847,11325,9652,8707,7783,7403,5372,9649,7982,7793,7971,6430,11293,9464,10768,9922,16361,15834,17462,18944,22205,16989,16221,12720,12979,15768,14193,11150,12538,10255,10249,9594,12794,12027,8660,13710,10790,13316,12972,12012,12889,10941,14299,7593,11962,9397,7810,11669,11214,11740,13568,11157,10512,13212,15940,9656,17877,14229,16915,17499,20596,19333,19728,19603,17567,14563,14254,12206,13697,14726,11175,13248
36642,10321,8229,8541,6762,9905,7689,11407,7549,9330,11124,10334,10806,11106,12286,15154,16371,17654,25229,27605,29588,26548,26230,25742,17031,15633,11840,10632,7170,3642,5165,4540,4448,4688,5516,8510,2620,5786,3428,6658,8024,7424,8300,10091,13539,13434,10898,15371,12459,16926,16164,14024,13378,12553,11790,13959,12219,9707,8160,6659,9695,7756,11094,8319,7231,5995,8314,9786,10206,10854,13117,13862,15090,14022,14424,16794,17451,18883,12624,15300,12592,12254,13013,10971,13242,9503,10911,11679,11817,16555,9445,12977,14563,14188,13520,13966,13578,14636,11730,11247,11673,10347,6632,9944,6789,10235,14865,11843,12404,13404,16756,14772,16386,15117,18007,18425,19802,22939,21432,20806,17292,16788,14739,12075,13631,14716,13433,12209
39828,9749,9786,9393,6890,12849,9157,8089,7201,9307,9701,9129,10668,12190,9024,14809,17356,18105,26315,30185,26643,25722,25647,24856,21630,17882,8915,12886,7364,5591,6225,6640,6016,4448,2894,7812,2851,4619,5664,5774,7658,9259,7108,7636,11445,9385,11897,11622,11416,12753,10860,10604,11397,11868,9534,8629,9903,6167,4322,6612,5485,7249,5493,5505,6429,8191,7214,5153,7500,11700,11630,10388,11259,13373,13529,17096,13580,14102,13082,14175,9494,12426,12181,9604,9137,10310,10416,10861,11946,14469,12468,15930,18989,15749,16943,17441,18762,18098,15583,14291,9301,10209,8987,11154,12189,13070,9226,11370,13008,12042,15810,15617,14596,15438,20406,20606,22752,22964,20692,22113,23946,18663,19154,15368,14167,15695,10789,14670
41080,13235,10032,10205,9076,9434,8980,8188,6932,8133,9395,8166,13042,11293,8853,12320,18254,19906,22329,23544,30823,26299,25252,21876,17988,19519,12453,7944,9840,5203,6238,4540,8966,3816,3545,5798,4554,5534,3379,5606,9761,8081,9317,7696,11254,9123,10014,11228,8018,11596,9655,10163,12447,9791,9079,9163,8283,9174,7938,5132,7751,4374,7981,6182,9063,7760,8921,6283,8253,10430,8084,8570,11425,11104,14404,9989,14034,13423,10042,11735,8786,8189,11230,9577,9032,8367,12939,9663,13053,14588,15920,20531,18089,18213,17673,19758,17499,18291,16520,16436,14025,11962,12332,13710,10630,9855,13058,15373,12433,16459,15858,14775,16827,20437,19824,22923,28447,21503,26329,25307,24984,20147,16227,16859,18529,16751,13182,14994
40280,12469,12017,11686,11038,11176,9394,8846,9059,7711,9741,11948,11083,11855,12285,12751,14320,19121,20762,23233,24462,25695,23876,22899,19050,16713,10708,7859,6740,5444,4002,4307,6337,5641,4717,5031,2953,5759,3917,8599,8797,8593,7648,5814,7552,9465,8430,7336,5893,7668,8130,10037,8885,7715,8183,6827,7931,9038,7332,5695,7493,6569,9675,9939,8945,10142,8278,5853,9529,12899,8431,12201,8207,11038,11513,11835,11865,12418,9317,8646,8418,9447,8290,11011,8006,9852,10278,12952,15707,18698,14756,21931,20858,25071,22205,23530,21854,19205,18421,13298,15250,12885,8886,10851,13466,14512,14640,10892,12551,13451,16654,15244,18772,19053,20502,23147,29304,28240,27406,26368,22079,23013,20350,20955,18765,17265,13320,15623
43695,14797,10677,12988,10246,11639,11397,10731,8607,8803,9399,10168,10798,12329,13219,12868,15088,16125,18232,19856,23148,21276,21042,19874,16625,17934,11990,8878,8523,6038,6534,5161,3928,4153,6137,4868,4379,7628,3586,8253,4909,6586,7369,4487,9047,10397,8112,6388,9098,6789,6458,7898,8325,5370,9365,7107,7328,6453,7265,4564,10413,6967,9740,10206,7568,11580,8675,7345,7922,8733,9259,10419,11196,10331,10205,10668,9409,9631,8731,10220,5998,7773,10132,8037,10238,9829,11176,13248,15039,16852,18719,23640,20129,28060,23786,26473,25144,23619,17670,18198,16912,15861,10845,13129,12563,12385,13883,13137,12270,14965,17210,15242,15482,19745,21983,26183,30244,29794,33411,26499,25983,21139,24148,20803,17854,17442,16850,17100
45878,15103,16506,11809,13826,11984,9877,9445,9495,8050,7032,9461,9814,10437,9376,9147,14294,17631,17347,21595,19178,19290,16901,18183,15694,15039,11266,9474,7652,3501,5192,4877,5720,5741,4973,6968,3962,5447,1831,4548,6440,7580,8255,6102,7228,7830,5644,9937,7149,5955,5401,8276,8832,6355,8990,8233,7895,5281,6696,9059,11544,8542,10789,12998,9801,11307,12882,10848,9560,11102,12100,8187,7153,8434,8452,8335,10038,5503,6690,6632,4680,8759,11503,11030,11697,8533,11999,12579,18672,20826,19865,26402,26502,26330,23552,27443,30306,24067,21869,19564,19583,16660,12218,16387,13495,11105,14515,16740,17405,16057,19110,17988,19752,19411,23174,30705,29689,28259,28962,28987,27315,26020,24499,22014,20817,23173,15804,17309
53227,19689,19193,16206,10891,15235,11272,8867,5283,9152,10474,9190,8594,10080,10212,9357,15957,15138,14788,20132,19550,17860,16789,14791,14302,14112,8171,6783,6092,5277,5971,4525,7772,4648,2802,6288,7461,7614,1565,5015,5209,6008,5217,4229,6856,7177,6230,7768,5206,8297,5435,6908,6750,8443,9458,6229,9582,8806,9679,7027,10284,12639,12621,14403,13709,17371,13674,13874,10424,11360,11995,9934,7078,8580,7469,9365,6510,7511,7064,6701,6790,6940,9425,9930,12140,9501,11673,13901,14259,20445,18039,24870,24113,31510,26610,28645,28577,25001,20556,19329,16060,17799,11280,12467,14263,12810,14630,15329,14851,16804,15642,18802,19152,22891,23166,26589,32413,30039,29561,30817,25666,26232,22705,22462,19387,20825,19096,17336
55761,19143,16131,19094,14920,17142,11818,9938,5964,9670,10800,7194,8478,10038,8121,8123,12153,14833,16363,16429,13095,15371,16812,14591,11540,12769,8403,7619,6468,2062,5088,4619,5360,6113,3049,7529,5071,5240,3354,5888,5483,5126,8138,3020,6186,7569,5576,8606,4487,6593,8966,7128,8329,3395,8323,5246,8538,8504,10165,11440,12880,14822,16292,17431,17654,18651,15337,13980,13625,13221,10190,8949,7420,7170,8928,7854,7632,8822,6901,8325,6258,7304,8944,11599,11266,10697,12381,15688,15338,20303,19345,24879,22703,28555,26014,27310,26855,23238,21544,19476,20025,17532,15336,14096,14174,13413,13888,12934,16961,16490,17593,15263,22657,23868,23109,24425,32134,27201,29365,34325,27193,24988,21647,20628,21132,21536,18910,19817
55928,21495,17179,15830,15100,15201,10249,11937,7115,8408,10373,6853,8369,8121,9547,6690,10295,11151,15036,14128,13387,12797,13577,14247,12911,11308,7128,6212,5232,3868,5423,5728,3413,6826,6510,6509,5849,5692,5362,3857,5674,3615,6888,5566,6998,8198,7556,8172,5498,6260,7048,3791,10532,5410,7289,10530,8060,6289,13036,15588,17519,18251,17211,20700,22735,18779,20851,17686,16996,12855,10788,9854,6300,9188,6251,8338,10531,7746,4700,7804,7035,6823,10287,10564,11710,13472,14233,15319,19419,24386,19549,27188,23507,24778,26202,26079,28350,23218,19518,21355,16420,16574,11200,14611,12960,14142,16955,14988,14096,18793,19403,19723,18419,18832,26182,26206,28975,31540,27321,27365,25241,24570,21152,20947,20225,21498,21839,19817
55307,20893,24848,19285,13234,17576,15499,12273,8366,10872,8938,10130,9912,6722,8086,11677,8646,11775,10638,13746,12227,12323,10332,12847,11866,12947,7026,5274,6183,4933,3737,6298,7785,5094,4108,9643,4426,5836,2636,4433,7560,5932,7701,4758,8278,8577,5272,9341,4479,7108,6233,5911,8395,7126,7539,8813,8847,10060,13355,16290,19030,23718,22512,24930,23546,24699,21615,17231,16337,16615,9713,8703,7135,8357,8066,5433,8477,8115,6320,8461,8811,9856,9545,12434,11923,12477,14273,14532,19953,20945,20353,25356,27567,26690,23148,26032,22364,22090,19734,16201,15825,14968,11265,16000,15604,13418,15996,14417,13203,17018,20177,17474,17955,18347,22884,22284,28645,26031,25420,29289,22381,23652,22055,19242,20384,23824,20494,20441
59458,26111,23300,19605,15264,18077,14460,12748,9624,9482,7796,9210,6086,8335,6932,6908,10084,9415,10587,14081,12492,9542,8731,9354,11477,9769,7123,6542,5379,4792,7524,7244,5165,5007,5263,5756,7152,6274,3005,7332,7461,5243,8116,6530,6345,7695,5599,9496,8969,7719,5208,9621,4663,3767,6794,9090,11382,12801,15551,20342,27904,24220,23555,27679,26656,27858,25531,19556,17950,13815,9572,8038,9215,8349,7991,5322,8901,7760,6179,6939,6336,9576,11860,13297,12927,15025,13143,16381,18963,18731,18656,20844,20408,25123,22744,21924,22703,17932,18488,15601,15548,14115,13477,15648,15496,15214,15405,17157,14704,16407,20792,16708,18315,17813,22250,21547,22520,20590,24064,22439,20274,20416,23228,20852,18136,21566,18589,22787
53612,24693,25188,23701,18940,19217,16672,12280,10410,9947,7161,8963,9141,6732,6144,7778,8358,8761,8273,8997,11030,9969,9031,9845,11277,8725,6961,5062,8214,5710,4976,7006,5956,5647,8292,8718,5432,5528,2842,7192,8169,6061,8498,5701,6581,7628,8376,7153,4383,6062,5007,4978,5824,5730,9645,7204,10859,11965,14708,21439,25904,21979,26584,31225,29939,26661,25670,19606,17401,15876,10570,10817,6748,8281,8309,8561,8062,10140,8853,9675,7726,9114,13440,11515,12641,12572,12762,15947,16856,21361,17638,25673,20743,20824,18960,19623,17605,22433,16258,10384,16161,14482,12843,12836,12664,15028,13737,12224,14111,15972,17395,15069,17666,19607,19628,21135,21180,18039,20423,19996,21238,21256,18478,18886,20015,18127,20688,21294
50776,20451,20129,20335,16788,15899,13697,14533,9455,8465,8226,7518,6029,8591,6636,5585,6730,9416,8271,11741,8028,11107,8909,11221,9215,12245,6249,6096,6125,4642,6065,4923,7113,9413,7706,8589,8283,7850,5199,7227,7583,7097,7447,8220,7891,8435,6144,6861,5628,7674,7938,3871,5946,7276,6953,7039,11883,15825,16907,24397,25728,25701,30410,25972,28247,27743,26623,20626,18649,16095,13620,11893,5847,8381,9527,9499,9404,7705,7421,8547,6913,7402,9945,11076,16096,15269,14763,16983,18759,20996,16168,21749,16806,16451,14739,16909,16990,18979,15123,12218,18209,13351,13294,10740,12972,12202,15906,14216,14882,18141,17571,15975,14749,18681,16664,19156,21000,18716,15724,18476,13874,15753,13735,15749,17995,19073,18136,18544
54035,20051,18921,19845,14942,18117,14379,10146,10081,9282,6550,9227,7440,6407,5314,5827,5191,8056,9922,11919,9676,10030,9365,10899,7266,6953,9038,4589,4758,4966,5169,6840,7030,8667,7375,9076,11620,7985,6497,9352,10299,10454,10048,9701,8382,12334,6301,5543,8113,6196,5275,6393,7579,3795,8673,11876,11171,16983,13691,21357,22712,27619,29803,27797,29653,29293,27575,20497,19808,17410,11813,9934,7344,6185,9193,5494,6420,6723,5360,7364,5442,8809,9533,10556,11041,12654,15644,13250,18625,18093,15940,20420,15514,15524,12637,15651,13798,14154,13303,15114,12891,9778,10614,11068,12727,11826,12590,11913,16124,13499,17191,13304,15172,15408,16793,16086,15598,13041,12959,16648,13105,15500,13975,14252,17256,16137,17377,19038
52812,19269,19842,19787,15038,19432,14401,13258,7236,7593,10330,8777,7075,8838,7484,8722,6649,11176,9132,10606,8943,10880,12001,12335,8611,9138,7460,4236,5449,6735,5661,8270,9310,8164,11864,11222,12383,12071,8054,12305,12487,13225,11420,8668,10967,11597,8469,8137,4850,7351,5680,6562,5964,7103,8329,11122,13706,13894,16368,16400,21895,24812,25862,26840,28633,27644,25777,22315,19402,16506,11274,9972,8346,9433,7363,6877,9725,9143,6064,9874,4085,9466,8633,9705,11642,12387,12293,14380,14464,15829,12474,17694,12886,14463,11675,12523,12001,13067,14761,12026,13292,11448,12133,12307,12185,11394,15162,14060,15036,14047,15445,17611,13868,12837,14771,16165,15205,16203,16041,14648,11913,12491,9866,11635,13499,16421,17537,14428
45995,16578,17608,15761,11212,15200,14542,9363,7316,10367,8908,8815,8462,9151,8234,8727,12445,11881,11038,12585,13774,10549,10841,9851,9978,11213,7019,7250,4622,5479,5813,6501,9397,10287,10514,15423,12268,11472,10222,14621,11903,14102,14962,8659,13152,11385,9559,9210,10505,6951,10668,8112,6923,4770,8847,10707,15141,12753,14577,21722,21852,24224,24016,24221,30458,23610,22427,20641,16866,14744,11452,12906,8635,8044,9228,6406,8380,8976,6321,7631,3961,9545,10918,9652,10247,14270,12072,11386,14281,13276,11667,15961,12286,13349,10958,11144,12676,11384,12623,9659,10504,13016,7780,12838,12090,11863,11966,12986,15837,14113,14831,11707,14043,12505,14849,12926,15027,12276,10883,12484,11349,11020,11034,9641,11415,12273,15207,14071
44986,15348,16276,14956,13992,16248,11529,12832,7947,11000,10024,9281,8795,10221,9903,10025,11514,12686,15283,12460,12744,12673,13593,10093,11845,11996,5567,6087,5533,7369,7764,9054,10499,10805,11844,11741,13351,15745,10908,13265,15247,16261,13739,12907,15578,11015,12401,9749,7625,4805,7382,8325,5493,10731,9191,9414,10020,11038,13233,16236,20084,19554,21572,24322,23818,23382,23901,16531,16561,15072,14453,10107,8725,8126,6439,7710,7235,5690,7084,6927,5782,7038,8476,9010,10455,10885,10082,10193,15233,16058,11924,13448,11525,10717,12040,14942,13288,9594,10452,12379,11306,11176,11021,12082,11591,15390,13386,13945,16280,16626,17523,16393,9251,11975,12119,12677,12420,10619,10797,10819,10160,11020,9886,9412,10609,13054,13328,14213
43297,16175,11545,13051,11472,11435,13029,10397,10359,11841,9909,10073,9600,12339,9668,9834,13112,12505,15895,17829,15519,12844,15898,11926,11780,14577,6598,7588,8970,4713,6484,10737,12479,13457,13124,14878,13313,14505,15395,16678,18971,16633,15166,19064,17770,15459,16156,14128,8824,8059,8663,8195,6439,4231,7637,9421,9548,13588,12465,16464,18247,17952,19357,19977,22205,20163,21913,17106,17924,14506,8773,7900,9029,8914,7658,5408,6466,7539,7097,7303,5372,5574,7165,7833,11188,9083,11536,10505,13169,14150,7979,12096,10007,10207,11016,12454,9527,12338,10556,9154,11256,13215,12908,11613,13262,15882,16400,15075,16815,18672,15716,12917,11893,13349,12684,10414,10085,11575,9267,11551,9492,11803,8538,10871,13346,11339,13179,13804
42307,15469,12495,11574,11339,12471,11738,11739,9831,12186,12463,12216,10509,11257,14773,15375,15833,15890,16196,21399,17344,13781,16672,11983,10340,11214,8175,8966,9475,7159,8971,12574,12825,11036,11629,15303,15212,13913,14213,18794,18850,14659,18602,17071,16691,15975,17636,12561,10100,10936,7639,8587,7591,8624,8084,9871,10976,11509,12737,14647,15160,17673,19169,17360,19026,18493,19402,15085,11584,13461,10627,11969,8766,7130,9045,8252,8681,7508,6774,8062,6136,8226,7517,11977,7584,9195,11659,10296,13068,11697,5501,11887,10972,10022,9491,10013,11161,12595,9664,9912,12627,14869,14152,15760,16240,19163,17915,19158,22195,19102,18923,14552,12564,11063,13297,9150,10145,9956,9851,10954,9456,14304,10046,9859,11477,12284,11226,13067
42453,11126,10841,12418,12730,12804,12489,14930,13301,11755,15046,11631,14068,15705,13431,17519,19313,18790,20603,17846,20514,18056,17911,16620,14709,13587,10799,11726,10262,6506,11050,11127,12461,13535,11563,15597,18015,18362,16527,18772,19528,18520,20148,19119,20383,20261,15152,12099,12129,12314,8652,8861,6959,7449,9355,9364,9277,11842,11534,12103,13771,13493,15202,17180,16111,16200,14958,14143,10862,11779,7809,9525,8035,7548,9539,8156,8677,8684,7176,8134,7479,9094,5304,10357,9543,8785,10412,9141,11985,14143,7117,11766,11445,11424,7133,10560,10678,8752,11756,10455,13145,12954,12952,20816,18608,18416,20501,21349,19343,19160,18994,13384,13558,11616,12646,12139,12172,10718,9613,11575,11681,12292,10948,9151,11104,11693,12331,12397
41919,14949,12885,11584,12078,11470,12326,12875,10819,14377,12389,12063,14139,17014,13038,14710,16421,19513,21797,23654,19736,20112,19434,15601,17224,13310,9412,9137,9542,8975,8990,10990,11072,14266,14454,13748,16942,16627,14605,17110,20154,19260,23445,17803,22523,19466,18159,12317,13222,15212,10338,8675,8930,8699,10469,8050,8897,9823,12970,9548,11420,14169,11322,13420,15835,13932,13879,12197,10298,13153,10832,7553,7601,11807,9173,8914,11740,9232,8722,8243,6480,7654,9496,7970,9463,9325,10345,10299,13763,14686,7727,10953,7403,9157,8617,9929,9732,9346,8749,11345,14546,16755,16928,20998,23524,24895,23123,23945,24587,19158,20304,17573,17976,14601,14501,14886,13645,12320,9539,12834,16232,11879,12412,13758,11328,12574,13159,12731
42133,14038,15553,12429,10609,15038,14188,12667,13336,14746,13125,14788,14237,18182,15084,20484,19691,21902,24457,23348,23384,24177,19776,21169,14246,13082,10942,8518,8715,9036,10605,8890,12796,11961,11722,17381,16341,17732,18296,23830,20603,23648,22736,20557,24582,23877,18010,19067,13080,11870,13903,11685,9224,8700,8995,12725,10051,11410,9076,7196,11404,10807,11021,12513,16210,12379,10815,10648,12374,13723,10660,8436,7693,10669,9889,11476,9813,12544,11194,12515,7473,7125,8482,7311,8983,8718,9489,12475,11377,8952,4539,11460,6887,7965,6624,10955,9294,9983,13624,13313,17238,19722,18005,23264,20640,24516,27031,26158,24087,22955,21940,17367,17773,15836,14197,13940,14854,14926,12351,16021,13431,14788,13355,11794,14023,14213,12365,15169
43142,14620,12614,11586,9897,14248,11217,15537,11556,17064,17226,14913,19321,17573,21739,21279,22798,24682,24437,22037,24937,24411,18938,17788,15339,12290,10682,8417,8300,9492,8415,7910,13450,11021,15001,14119,14140,17486,16160,21561,19151,22211,22324,25699,24220,18596,19268,17558,10079,12466,11388,10836,10478,7512,9172,10042,10181,8028,7524,11041,9873,10186,7449,11399,13019,11454,13725,10874,9218,9454,10039,10475,12389,9749,12512,13374,12561,13967,14691,11583,12777,10410,8407,11025,11362,10438,9343,9749,10022,11541,5168,8814,8265,7704,9265,8223,10672,11118,9631,15379,16601,18741,19110,25120,26651,27587,30336,24928,25355,24912,25716,19469,18794,17452,15597,14830,17152,14475,14286,15412,14290,17784,13942,13171,14523,15542,14316,14235
