47322,19749,22438,17531,21838,27378,18311,12535,24584,12518,25422,18390,23850,19818,14827,10356,12411,13536,7324,15556,22995,12958,14772,19356,11327,17121,8647,15155,12196,13686,10956,13424,16856,16317,16306,21653,21099,9855,16227,23651,16478,20557,13425,18224,36114,28667,27585,37237,21675,22800,36290,21393,32311,50415,30229,33661,30365,25793,29983,31338,27711,26987,36581,15880,19930,21637,21661,21995,29097,16493,16946,20869,27891,22466,20145,23158,22965,21762,23919,23147,22748,27905,22571,30616,26096,27161,38626,28017,23592,28014,36916,35327,23365,28269,30284,22667,16392,37372,29910,16474,22496,19778,21340,22323,9189,22687,17893,10541,14171,13048,16340,19702,13403,27009,18783,18715,22743,21772,20129,19949,17352,27461,23936,28186,23641,23497,26340,21381
35454,16124,20839,22927,23764,19616,21654,13026,30949,17979,17105,14546,16466,15078,11259,17728,13843,15547,12310,18957,15282,16328,22374,18961,10719,11060,11719,22378,14936,8848,18218,20840,18459,25365,9828,18364,15638,15349,15599,17009,14934,17993,23262,20129,25689,20598,19469,21591,20983,31671,32878,24900,30738,28203,30900,27699,23048,27872,30258,27179,32854,31734,27781,18265,22630,22906,27461,20157,22956,17532,21792,16207,26524,19670,25295,25416,25575,18522,29405,23218,28565,21699,23279,26768,38596,29785,34781,27988,31246,23746,41169,32650,34096,35959,37680,32062,25081,34736,20940,17335,30158,13768,14253,22903,10643,14092,14922,12266,13584,20452,9248,20389,17329,19582,18230,19293,19862,27893,29477,28980,25251,22951,35059,18122,36168,32758,27177,26968
28638,27268,25418,18586,18761,28098,21851,26078,30961,23088,18413,17173,11253,16694,16767,15706,17276,18935,10617,11790,8327,15212,11481,16811,10365,16007,6653,15333,15985,16067,11543,14993,14048,18723,14104,22860,18903,17146,22469,20273,17759,22666,19553,20093,21154,32313,26977,26127,27273,24872,30270,30569,27382,27086,28895,31646,31235,34843,28550,26544,25508,30621,24439,28259,23700,22083,20206,35182,14632,14394,11307,15562,16591,20461,16022,15707,20246,16817,20317,15576,16154,21069,26583,24274,19826,26000,25701,22968,32029,31049,40241,28967,31321,31022,30733,40442,22806,25974,27427,24426,23968,43929,15634,18722,15736,14197,21665,12847,14076,20511,21967,13908,16566,17049,16986,19284,13675,19165,19999,29972,18202,31222,31860,24370,35575,22306,27494,21503
40677,34309,21915,21926,19727,13865,19674,15405,23423,24144,16240,14644,19749,12643,15618,19305,8075,7137,11672,15741,12021,14366,12009,11765,17629,17050,15433,15988,25457,13543,13525,16211,17653,24369,15269,16045,12320,21919,19127,20375,17186,19324,18122,18886,23863,22057,19193,18034,31032,23548,26642,30245,20836,28239,22736,30803,32478,24050,24229,36021,29608,21648,24637,15179,23640,14254,24260,22114,15876,15379,15314,14483,18419,19627,18602,26036,21548,17231,24507,18753,17977,11506,21633,28710,22211,30035,33221,30226,27897,33477,29819,35758,27385,32710,38118,32907,32676,22918,29164,24388,24797,26155,20207,23503,15997,22740,15413,19820,13579,11699,17858,18508,20974,12678,27276,20211,23124,31712,29910,25769,26361,27979,28101,29492,24354,32528,27482,28535
38888,24432,27299,23383,20684,22258,17121,23949,19368,22963,23858,20531,18013,8918,19369,25218,11145,9026,12102,23369,14686,15732,14146,13079,18506,11471,15447,15547,16787,9927,10161,20641,7743,18590,22004,20236,25371,18679,17520,20194,18340,25685,21115,17286,19119,28696,25927,21673,34871,17532,37435,33727,25693,23082,30461,26230,21257,24369,20705,27839,30131,25110,22367,13104,27647,15705,18454,20798,21173,15027,18345,17551,19291,17461,11925,19548,15870,13337,19295,19424,14274,20703,14671,23938,31875,19143,27047,27234,33637,20927,28234,30528,30105,39883,38510,34271,28533,28369,22228,28573,28505,17205,22161,21382,16081,23811,18284,15477,12503,18070,19401,18767,15553,22314,15312,20984,24757,21849,26665,26700,18909,24683,30443,24111,29296,26004,27589,31826
36920,24403,25240,19596,23669,20530,25789,18523,18969,21193,17740,18731,13639,9523,9378,21987,14936,12084,16471,15062,7729,11492,14584,11722,15218,15499,19475,9352,14224,20042,22704,23747,9544,19660,26836,12185,22514,16423,14953,17372,21859,22161,11623,19767,24716,20765,16499,20850,26288,25382,27958,36739,32720,30764,36942,26058,26261,32596,31467,25375,24104,20184,18028,19952,24509,19925,15993,15281,20050,21438,13723,22422,15895,13231,18658,16476,17354,14241,14539,12101,14814,22608,20870,24945,28533,17014,20248,27437,30141,29066,35086,40424,33838,31517,38967,40638,20634,26842,22324,29343,23259,21803,17975,30073,13401,22183,17588,12068,14264,12671,14074,14578,20598,11477,20587,15665,19015,21918,26121,27168,23721,32650,25615,20427,26131,23751,25537,22596
45975,29146,37810,21572,22166,21681,26070,21173,26399,16107,29254,23106,18167,21429,14079,19619,24772,13789,10619,17932,11033,9421,19672,14541,6372,15097,14220,19793,13150,22304,9158,17352,21870,19084,18050,16427,19861,18420,16719,23641,26039,12188,17391,17908,21478,22531,23018,31061,21743,24293,21360,27121,22290,22037,20655,22987,27336,29277,21060,22077,24307,20029,24018,11926,18142,23850,20560,6826,12384,13919,17443,20645,16636,13460,26161,22051,19599,21768,17528,15229,17516,13447,23068,19452,19083,17000,29439,22011,26177,31437,33844,33101,29904,40744,33942,36832,23011,30593,27042,28917,33007,30733,21119,22332,21060,28087,16722,17761,17948,20112,14320,19341,13335,19819,26206,14110,22465,24929,20935,18781,29561,19648,27050,25402,25340,22043,23660,22325
43878,22586,28700,24943,22459,21664,23722,20407,27846,20577,15586,21191,20522,15007,15728,14117,13747,15597,10201,10791,5767,13998,18496,5763,14687,25432,16323,10577,17176,24306,14890,14572,9528,25832,14015,23511,15566,17972,27790,26591,21077,17341,17847,17038,22052,19202,15769,16613,23768,18529,23523,24116,26275,30304,23743,21408,23862,31926,19161,21488,25393,21496,19105,13637,17089,11425,21588,16841,16600,18908,15516,12933,24100,15152,23797,17292,18007,11347,16159,10996,16647,14530,17561,26216,18548,24441,22885,19301,27073,32993,31051,38737,36310,36384,39622,46510,34419,32901,23614,31971,33572,29431,26121,30453,19378,22984,27047,18575,12306,18338,12206,24067,16673,15228,12743,13166,19083,22517,14357,20502,31336,31443,31070,26871,29292,27126,37725,31915
43802,24742,23128,27865,19758,28117,27611,24223,23806,18528,21692,21704,19501,20604,26109,15582,15286,16545,19884,21432,12137,12572,9354,17044,6330,12736,12642,16960,10644,11052,25048,14738,10347,14591,20568,13279,18815,24602,24776,24976,20264,17396,23262,13938,23378,19703,15386,18021,24924,24847,20638,15720,22081,29052,18080,21758,25512,13450,14383,17634,23980,12000,25180,17131,9599,17070,16578,15659,15280,15656,6088,14640,13733,19347,15018,20611,10509,11155,14374,15433,11629,20794,18314,16754,22286,24617,26497,23378,35715,31094,28311,40999,34036,28560,47793,42864,41041,50604,29267,31949,26574,31936,35699,26822,20110,21585,20518,16432,24438,15733,25319,18867,21086,12725,15695,16256,12743,19502,17364,23964,13602,22410,34342,19710,26566,21409,27412,25828
43152,30423,28477,25062,23987,29115,31832,29568,25679,23180,19002,20744,16922,20640,16834,27740,23594,14002,23467,9211,10921,17766,14922,11083,6242,17434,10376,11019,7623,17649,20762,15863,18537,17721,17835,29424,11829,14146,22470,13983,20399,14513,14308,15239,17975,21423,19648,20666,28201,18467,21108,17357,19478,22143,14816,21050,13257,21506,18067,21416,14656,12625,13827,16545,13522,17958,21000,7410,13042,18979,11177,11932,12250,11907,8056,14658,13308,6434,17284,14006,13612,12482,14474,20451,25924,25616,22833,27852,24356,44126,36334,38205,40915,41235,37131,35777,30419,24737,35719,36199,42070,30673,28571,34804,18907,25880,19622,23331,15681,15732,13867,26519,18877,15822,15256,20466,16370,18909,14877,20576,28835,22526,28268,24132,22101,30569,24540,36229
46073,22336,25347,19405,23472,25067,28550,21997,23991,16170,21360,26066,21263,22790,24694,17163,14352,13633,10655,17966,10034,9650,16891,12324,14805,9217,8570,14076,11867,8145,21137,18035,10200,17123,13645,17982,22169,24482,14494,16991,27793,21945,13193,24262,20932,27891,15429,15154,20447,25466,26193,21788,18345,23824,17996,22137,21431,17772,22053,15601,9604,19070,10979,11436,18130,9401,20548,9051,19453,14981,8934,16017,15678,12567,9809,9345,11295,7731,22287,11434,19668,11383,12192,18031,26664,17296,28063,32481,33790,30841,28523,37182,37089,41468,45694,47819,33576,37050,36074,36480,35743,22580,27846,24283,27686,32272,24083,21109,14311,27422,17376,27973,15379,15179,16907,13425,19638,19358,21907,15834,21080,16312,25754,24403,19694,20887,29828,25401
38828,24246,31818,30138,27529,32106,27009,29428,23072,23948,23321,27516,28724,19691,19324,24356,13970,22178,16709,17678,8980,11865,14555,14248,10364,25367,16075,19116,15403,12858,15527,13384,8551,22805,16449,18892,27578,18553,23729,20663,18428,13934,16632,24240,16202,24633,13225,12397,17431,13069,30357,15917,15302,19235,20856,10857,19247,10950,13255,12416,8988,19500,10442,9167,17977,12231,13519,11283,12863,9568,9970,10808,16863,8167,9632,13131,18633,12905,9070,18504,16760,15603,7362,20943,29813,19410,19445,25578,32643,35644,32598,34488,32376,39062,42483,47131,26423,47068,40151,29180,31748,41967,26175,27239,27200,27535,24394,18037,13900,24591,18765,23806,22519,12677,13800,16378,23249,20135,23269,14459,30308,23531,22036,19446,28841,28241,23913,23742
36975,24363,22251,25396,27147,25703,29762,29255,27470,18122,19289,25444,21926,16434,16746,24252,13503,27373,10469,18439,12685,19190,16665,21884,8240,12741,18046,10165,8603,8748,11657,22686,7210,17472,10163,21139,28809,16008,13231,19037,17121,16845,18464,15744,25644,16517,31858,12767,22634,21291,17142,13329,17920,19531,12961,15839,9437,11164,11565,24253,21234,7776,15032,6307,13728,9411,13174,15649,12780,14277,8124,10874,16877,11454,16659,21196,14145,9570,18332,16427,20114,12699,16894,22195,23034,16217,29638,23980,26090,33636,39269,43034,32222,39946,39197,50545,34776,30487,39214,33835,28136,28277,31338,33237,29530,31864,22579,22272,22657,22823,17030,22035,9325,22556,19880,18992,21168,20298,19739,22091,24143,16267,28716,24822,29765,18513,23738,24864
26017,25079,28325,20280,27267,26802,22180,28209,28917,19853,23253,20453,19638,25391,25104,23295,24076,19201,13508,15025,11782,5369,12591,21256,5369,14116,12519,8634,9922,10538,6970,12343,11596,11067,20375,18417,20768,20062,25096,22941,18804,27869,14594,15141,23561,19835,23876,19463,19518,17921,19385,8066,17026,21210,12606,16266,14188,16723,6411,12742,14287,12454,14379,6001,18437,17252,21016,12986,4759,13057,11386,9406,18753,7755,11315,12638,18749,9685,11773,23039,14189,26308,21942,14124,18521,24778,26836,21631,25660,28549,42160,33287,33040,38790,40990,45255,28072,40309,34077,37570,55271,42189,29239,29393,32940,36440,25682,26488,26743,32067,20998,20078,24389,16543,14210,18950,19885,15728,13504,17665,15654,30910,22107,17426,29401,21487,24505,19387
35832,27984,36190,30747,23415,25009,35556,25306,26656,24789,28091,30233,19295,17938,30080,18587,21695,27609,27901,21189,15579,13825,15713,19373,7374,11880,10504,15848,12717,12788,13522,18563,9589,17728,17286,10115,15505,26259,14569,11591,22207,14434,19558,12235,23480,26554,17547,11554,22208,24096,17574,14372,14007,21729,16121,13406,11717,11311,15772,8654,13799,12165,16654,11228,10836,13258,10890,12820,13627,22232,12597,14939,10467,17352,10843,17653,12820,12916,17091,20413,25937,18273,21667,23911,19773,29205,23975,21839,39386,30661,30584,41901,40268,28339,33692,37090,33714,41604,36728,30660,35304,31713,24652,37635,23335,33422,37243,19683,25716,23479,17726,22195,26316,28251,24111,14986,18533,20473,11836,26693,13111,22275,31105,14239,18817,27387,22700,18745
44513,26934,28855,23537,27207,25673,33075,23680,23613,35831,20200,27246,20114,24309,25811,22186,23503,25079,15519,23132,12231,9934,17682,14841,11380,15520,10893,17331,10413,9090,12252,7892,8044,15459,12871,10381,16461,27151,18829,15726,15477,22486,18653,25468,32348,21726,18913,15672,26809,13139,24541,14104,19105,12623,19442,11431,10376,15883,20607,14571,21053,12731,9405,13121,12915,9627,18550,11714,12407,8454,10309,13580,15732,18576,14137,17501,11702,20175,15365,10124,20063,14073,16532,28096,24153,34793,24000,31965,28836,27453,32226,36010,33924,35163,36537,35297,32393,33878,37631,32226,46442,30400,46597,32236,25692,34514,34351,20134,24271,24602,27359,22782,16712,12630,21007,15780,15080,17898,15026,15026,14005,14600,22323,19103,22145,18111,18935,20149
25491,27367,21098,26610,28973,30117,28696,28563,30450,31250,23089,29968,21460,21790,22767,28394,20204,34610,15909,21366,18014,14509,36460,17490,9740,11039,10297,19137,9797,12864,14709,17850,12675,25067,15166,12150,14709,13519,15760,19570,19901,20722,17215,17634,19705,18082,17632,21176,19464,19789,12918,20125,14355,16401,12207,12736,13551,8105,13660,12386,11647,5452,12651,6689,10914,14336,12066,19950,14170,18290,13776,17596,23152,24862,9045,11584,12237,17026,20275,9458,14764,12990,19508,31294,33129,20432,31180,27052,36848,36407,29899,31849,32730,33937,36223,42620,34505,33727,30052,42077,42538,30913,25854,36421,18006,30074,23623,22336,23128,30016,24090,24128,28372,17460,23778,10735,12263,16321,15993,17965,21914,16438,27653,16667,20150,33249,20107,24091
45957,21111,27346,19782,22087,27882,30418,35043,28281,35391,31472,24893,32235,25241,35029,33829,28718,21438,25053,19415,23425,13080,20239,20890,17390,10666,19299,13136,7437,12409,11230,12859,6445,20113,14061,10932,15046,25104,28708,15538,17605,19005,25801,18232,28791,21870,22366,17176,16420,14544,24646,21063,12922,13907,11836,17137,17319,15215,10726,11153,16693,18987,8594,9956,16747,9336,15536,10470,9456,16084,10445,9451,18703,19529,15175,16914,17079,14792,22974,15176,15583,16696,25738,23650,33072,26484,24539,29664,36350,35005,36324,26595,30430,43462,47410,31692,25043,30526,30718,29835,35169,26406,28213,34896,26027,22123,26096,19090,24146,22340,23794,27519,27459,15720,16416,22545,9931,10668,16454,13841,18268,14955,19196,16877,14694,22364,25650,28145
41161,22133,22089,22755,24215,32763,26777,26519,29553,23609,28492,34356,30204,26772,22890,29997,19237,20731,28897,22770,18116,29371,15640,26575,8392,10983,19726,16734,8922,9712,13994,14061,16268,13356,22902,11295,13383,18257,15835,13897,20221,21684,14524,23013,21240,21195,18963,14119,19392,18442,18006,20589,22837,10455,13048,16406,17623,17185,9791,9542,15865,15885,11084,9990,8696,7055,16436,24862,7237,10649,13831,11664,24959,13125,7923,18224,15176,19262,19503,18060,31684,23394,22688,35871,33495,27270,29899,38410,24000,28459,33923,34202,26027,30597,40289,47349,42079,32783,21847,33179,34241,29508,22204,31100,37705,19498,31631,17185,18312,25320,17289,18871,16821,17162,16894,18696,16656,12556,15929,13508,21826,10390,12346,21302,15896,17840,19533,15912
32332,25133,17969,25210,23905,27100,24141,23936,30291,24513,32949,30638,42562,33485,33245,32500,34539,22641,29832,30776,27050,25798,18249,28626,14168,20669,16385,9312,12171,7700,7140,12746,11565,11183,16891,19803,16007,18800,24746,15132,17363,20089,17026,24780,19937,20063,18380,19246,22386,15789,20218,18084,24045,16688,17687,24459,12437,8758,11198,21239,13717,9755,18350,2145,9455,13946,16617,12114,6328,13225,14855,11185,17492,12193,25518,17584,21172,20378,20443,23010,26978,24210,20306,26713,24546,31013,28183,26611,29589,30330,25709,26244,36671,27589,32586,32495,25240,32164,23557,26462,28188,26221,29803,23988,24126,28457,22591,27544,18445,18795,18544,23369,22811,21046,14766,14397,15053,10480,19681,16291,18173,12598,12381,23521,17425,14336,27084,22740
29238,19529,21432,29942,31760,24464,30439,28341,28056,34591,28188,28390,26640,26569,28670,30411,23997,33154,30116,21142,21510,26527,22776,20250,10833,18548,14951,9231,10587,12644,13142,18548,17169,14722,14696,11004,15612,17869,20232,17014,21284,17590,15648,21231,30865,25536,15976,19387,24902,17674,29037,16878,27117,17639,11659,14939,15886,25123,13732,18445,14310,15825,14087,13907,9832,16604,13458,11156,10873,16884,21286,13906,19162,9383,13797,14064,28534,16936,25971,16993,24029,26120,14337,27562,37670,26152,30018,25077,37394,22136,22979,27011,34441,32702,32325,34888,25234,24025,30316,29851,27332,23910,20714,24523,21542,22432,27669,15188,18169,19880,19003,23373,20373,15397,14943,5855,12412,11396,17735,15640,12815,15132,14940,17132,13141,14380,29658,10885
26727,22122,31002,17548,25627,30022,25191,24714,30817,30678,24018,35154,27079,34161,32052,28447,36942,30248,28659,22437,22516,25935,27147,21680,23676,30882,15579,19791,15942,12578,8714,13811,9819,14074,17357,12245,20894,24801,14178,17119,21295,19651,21415,19414,25656,25861,19209,16402,19295,15829,27119,19248,20286,23082,21000,18931,16787,13894,12710,18411,7847,14746,7277,13262,9457,16499,18415,11195,8627,9275,17948,12100,14053,18356,14591,21289,15639,14972,24316,26427,23867,24613,17048,23285,28141,24144,37095,26765,34802,29553,23321,26430,24630,21845,22873,28984,16799,22058,22942,20319,26838,26491,26757,23071,27464,27512,20877,23721,13380,32308,26230,20817,17549,19275,22591,21291,15612,15182,9313,17306,9234,12717,24666,13638,16197,14576,13225,26801
30355,22189,32491,19411,22005,32296,33209,28896,33155,28431,35653,29730,31790,38843,28505,28303,31928,28377,34285,33488,30195,25554,27708,13128,17598,22920,17352,17454,9292,12811,11995,13618,10464,18225,12271,7013,23093,21414,27356,19776,24086,17659,25042,24291,27725,20034,15326,15851,25922,17270,23847,17663,32431,30156,13544,14884,25786,16794,10925,17464,13746,21331,12316,10746,16085,11721,16270,10064,13797,7247,12563,14124,17598,18687,22112,19413,19606,23012,24172,23456,24104,21374,17823,23513,25270,31373,26907,18539,29872,21947,18643,26112,20966,26525,27791,37232,18421,21384,23092,25145,28059,33323,17535,23464,28559,21040,19589,24777,19799,21772,25169,14479,30000,15882,15381,11274,18540,13576,10430,18606,16346,20281,18297,9934,17478,20656,12789,20869
32027,9982,21952,17375,21829,26980,29179,25482,35364,24353,28795,29930,32550,26616,26607,31029,29516,29139,23456,52113,27517,18277,34820,28612,19649,20908,15933,16598,15471,7064,10271,16157,11253,21842,9472,25516,18561,19178,21070,19350,16555,26320,20940,19490,23224,23502,22208,17021,19249,17004,21655,19659,18229,22600,28111,18192,21547,12879,13165,20076,10305,16128,28059,12152,8753,11008,23292,17826,8902,7967,10500,13180,12920,18606,24222,13533,22470,20060,33246,18923,15559,14163,29350,19318,25872,25217,28749,26515,22657,23557,20401,29812,24333,20885,32778,24420,17032,22030,17110,27261,21814,28199,30384,16303,14946,27196,16149,28624,17552,28553,20656,22860,10973,21852,21388,11692,20246,14836,19781,14603,15120,23952,16410,14210,18346,27279,23844,15434
31824,15103,36317,22601,31416,26291,26321,28316,23947,27013,36032,30276,30641,27594,29406,37209,28770,30567,33920,31558,37814,34107,33167,26143,12245,22171,16660,17348,11419,17097,13518,16158,13415,19367,13625,14540,15297,22659,23562,26143,18073,16795,24379,18106,26893,19182,15852,17180,22569,24828,18411,15884,19195,24236,14330,19078,23521,15234,26053,18894,17312,13732,26139,15001,20555,10229,12387,20592,12282,12175,8019,11084,20307,10575,12086,15153,14956,9673,12084,18097,17998,13946,23574,20096,26341,16994,13156,27554,20503,18917,24853,25766,26821,21203,23356,22241,10766,25984,23017,24838,27610,20826,15771,33462,17023,21283,20842,16250,20885,18791,29896,23405,22631,21577,11897,17219,18742,16878,16576,17496,16897,21637,17254,14676,17614,15181,17099,17028
33467,17952,21249,23674,16221,22678,29322,22158,32533,27970,28978,25584,32702,32700,36773,40127,31669,25114,28382,29965,24589,40316,27465,35121,29133,20113,33463,20793,23089,19939,13107,17220,14645,19053,9537,14578,14838,23478,22584,18107,26265,16144,21219,23806,24716,22699,15870,13470,25628,18300,20099,19645,22414,20404,18724,36942,23367,15136,13669,12897,21495,17901,26560,16721,15214,10152,10301,23469,11783,9961,10844,11317,11362,14510,9168,10227,15703,13395,20021,19399,18251,10118,20046,20688,19475,27438,23047,39477,26167,16891,25369,25400,25234,17281,23535,19956,12862,22241,20365,18782,19661,21617,16961,27325,12040,16318,20234,18780,14198,21210,13184,19940,19138,23306,21294,22000,21475,13985,11280,12962,15540,13645,17241,11706,23860,16647,18797,21776
41791,27053,18598,18871,22404,21262,25984,24263,23337,33294,35766,33178,30161,32517,34621,30191,36462,44870,39895,24450,27163,35290,30852,39555,24765,18930,19455,22423,12998,14226,23568,19584,11980,17656,19609,11504,14430,22482,17896,17713,16020,17140,16110,20029,19595,21102,13940,18030,22915,28190,22782,14869,19864,25001,17582,39078,17878,20658,13869,13989,21040,14043,12328,7440,17361,15602,12634,12470,7120,14084,9769,14835,18382,10772,7762,21710,8972,15257,22116,8524,19632,15213,18813,25278,33721,19014,19148,17547,15390,18540,29465,23457,24166,31878,23225,23372,11425,13344,13404,16525,21094,17328,14905,21354,24616,15288,15622,17278,31869,25583,15682,24373,18759,25810,20930,31133,22007,16192,12385,32294,17060,22764,21930,19643,11336,11772,19996,20213
32797,21439,23616,28942,23153,20759,35043,24620,27941,27690,24967,31688,29687,27074,32461,28334,32847,38663,28385,40606,48762,34643,31142,28730,25815,30034,31055,25210,13401,28338,21090,19542,18500,20101,15959,16026,21400,14138,17462,11968,21546,23063,18309,14304,17066,17146,21608,20018,22316,30014,21015,17334,28359,25408,22164,28082,24274,20854,21147,16009,24244,12213,20215,17321,16457,18919,37120,15324,12680,4127,10056,13913,16811,11144,9716,11674,10620,17272,15821,6410,17788,15356,15727,20833,16055,20934,22942,19207,22615,24239,20901,23498,22712,23686,18759,27152,16258,16550,20256,15165,18650,15844,15808,20856,15838,27255,14792,16793,13559,19207,9432,14646,22606,12733,19237,14162,18244,16323,25549,12018,17373,21296,19403,21752,18663,18168,23237,17457
27450,17003,19737,20706,28307,27449,31767,23575,23132,31871,27304,31081,37410,37053,33223,38639,32735,45275,39698,30842,42503,41876,27291,38492,26168,25894,26201,20497,20882,23061,21439,28562,9158,22393,18660,13901,14168,14771,22711,19459,15688,25797,14682,13507,21818,25015,20063,19229,14565,25560,22605,15431,28080,21784,26428,24698,21574,17812,18457,25428,18044,25535,13180,16159,9244,13291,16805,14550,14416,10038,13328,11811,10260,9414,13937,15163,17353,16822,12924,12421,15989,18282,14258,16582,34527,19207,25298,13883,22722,23151,26289,18996,21178,27417,21049,26282,7589,23011,16656,18103,20439,30560,14318,25455,11516,14221,15566,15556,17340,19401,19639,18103,11583,21859,15616,18644,19028,12512,16252,21046,15150,23521,31503,11046,13389,20710,16875,25203
35832,14691,20520,22172,23426,27448,30600,28512,24457,23712,32186,27999,41441,31008,39336,34863,28741,35534,37587,39516,39647,28043,39790,49114,23481,38903,29632,19304,24766,18383,24228,25337,21028,22237,18110,19023,14381,20114,26398,14982,12880,14729,17783,19786,18480,23268,16626,14490,20618,16261,25949,21593,18422,28628,24731,20702,26294,20186,23886,17924,28231,26487,18200,14437,17427,16302,25665,16126,9607,15903,9251,6620,16180,8707,13497,11478,15412,16813,21283,17344,19410,17520,11961,19326,21434,20071,15660,19926,25531,27871,20957,18658,25459,22939,25632,26872,18117,20969,20598,19942,15244,13409,8481,15233,14315,19436,19543,11656,27137,22334,21392,18498,14043,12390,24877,22333,13694,16076,13581,25416,17530,20287,22725,16123,22548,19744,22144,25206
34104,8970,23411,18263,23309,26750,25583,24998,28249,29417,31949,37337,32767,27883,32250,37978,43466,36249,38605,35893,36872,33917,38323,36870,22232,29082,24664,22828,23927,18240,18813,24926,14152,22324,20321,27327,15353,12393,13063,21042,13868,22938,29217,11046,20305,24226,23641,21064,15855,26283,22312,28892,19794,29454,31744,17486,33576,30654,24819,31963,17631,24076,27924,11180,25546,17061,23009,12803,15356,17394,13494,11828,22533,12462,7625,25877,16929,16264,23282,23206,15365,14639,16615,26895,19645,18360,18292,20689,25772,24327,28412,27662,27356,21611,20019,23540,14782,10668,17917,19967,13972,18941,16826,25038,13637,14568,19058,10257,8542,25611,11926,19457,16906,11597,15849,17035,13620,15141,22443,13585,23503,25479,16268,12689,13443,13884,28773,19618
39970,20270,19412,23648,22220,25795,30762,29906,20919,28131,28802,29823,29075,30526,34356,35576,34900,37561,31392,34954,27182,26732,33105,38219,32420,31541,23802,33523,32521,22021,24237,21230,12252,27858,22089,21176,14828,13429,17197,12438,17762,16577,11093,12095,20530,22473,17978,13069,16360,17978,22141,18545,19472,22603,25113,18695,22866,27598,17450,33511,37761,24962,28871,22536,22275,22008,15121,30155,16083,19303,14042,11846,15498,17978,10455,24645,20093,9243,14279,11974,19324,12789,20106,31283,33895,21248,19779,25226,21723,27819,23292,26881,28025,19431,24223,19535,15291,19166,19393,23876,19677,18536,19629,11854,11232,15317,12736,16147,13632,15451,17308,15190,25562,14293,9725,18380,17096,15991,14761,12793,13347,15944,15015,14324,25486,27340,22923,17045
33807,14002,17336,19162,23234,26731,22117,24579,30408,29924,29423,28328,32091,22244,30496,31966,35204,33495,25534,35319,31841,30382,34878,30470,32002,25043,26258,27232,24554,16116,25034,20771,14739,24879,24444,6700,26510,23166,16802,14901,9912,14812,9747,5743,21012,15511,14608,16225,18608,13180,25206,19537,23563,26064,17799,32830,19413,29585,18122,34130,32704,27180,24290,17857,28871,18396,22721,19178,23637,13871,21667,23509,11836,17515,10672,18085,10345,12377,17425,15926,16730,21666,27705,21077,24309,17213,30234,20270,29118,27620,23778,21654,22802,26972,22226,19155,17146,18527,14464,13992,20913,14677,34511,10996,10589,15362,10217,20910,17265,19331,21214,20881,23349,20612,17158,14468,28051,8110,18988,25359,13782,23054,17535,20136,17753,16885,22510,23450
39341,21389,22635,16776,19962,24154,21329,23523,29417,33973,29765,27721,31091,22994,30017,30493,30383,32648,39782,25723,31245,30253,26697,25890,23957,29731,26581,32232,21027,24463,17638,27982,18540,13007,15543,19478,17966,12539,13860,12721,13846,8557,7625,5112,12591,15995,5551,16894,11581,11421,28355,14920,24641,29077,19240,23398,35236,22761,21824,29644,31668,36517,18288,28939,37797,21340,19775,21388,24122,20208,20448,26129,24463,15702,15245,18901,15376,23606,18789,20309,17945,19811,15426,25720,19628,27366,24383,18935,28734,27120,17379,25604,36258,22643,24623,27303,21795,26981,19906,23539,17964,17960,12281,16836,20407,19906,9947,12865,19727,29119,8847,14087,15778,12342,22146,15801,12557,13366,14924,15596,15561,14486,16738,7901,17187,11796,15704,21788
36169,15888,23081,21092,24053,22575,25984,17441,29787,26492,30248,33637,31218,17615,26318,39089,27305,46611,22777,27984,24865,31673,28085,27461,28679,28310,29722,30248,29987,25487,17305,23566,12432,25192,16096,18768,9023,12540,10890,10726,13352,16072,16159,6725,7560,11936,12915,8572,20154,10783,21000,18274,16680,32550,18946,24133,28495,19601,37135,31128,29917,26651,28157,19463,24658,21049,31244,31868,17035,24965,28202,24541,19307,19419,21268,22842,17578,13452,16326,9033,15365,17475,22123,27939,15945,15551,24771,17846,22077,21598,16794,28285,16090,29297,16174,23371,17819,15081,21925,15896,18129,20503,18377,20669,14543,15198,15563,10337,10824,12442,26433,16808,17088,15828,13183,16965,15040,17111,17362,16989,29319,20841,23913,14164,18208,19002,18092,16461
30359,15664,13270,26979,14398,21139,23179,23683,24060,27473,41782,28670,27574,20932,23673,24061,28459,32996,19841,25093,26709,26927,26506,30921,18949,20223,18570,31162,24019,16190,15711,15787,14638,14131,15305,16167,6167,12947,20011,10701,14719,11813,9250,12116,10548,11814,20328,11529,17997,13274,21709,27630,22908,26700,21429,32131,36064,40793,25254,24485,43916,36372,40124,33741,24952,32815,28049,27792,28790,26764,25535,20883,19101,15709,16368,24928,18998,19211,17010,10492,24697,26996,19332,22396,17299,13735,18243,10733,20238,20098,16860,26301,27427,22181,35292,24870,16009,20130,14647,23870,20667,16281,14201,18590,20728,21026,16046,18851,12070,11068,17776,20515,11362,10102,16285,13285,9307,22557,10420,6096,18436,19381,31249,18627,23657,16806,23330,14997
36728,17969,21254,25796,23068,18784,28906,31711,24420,18982,18683,25694,24524,20122,27934,28280,25442,23215,26256,21144,28183,22418,30044,38507,16257,27780,20827,20258,20905,22111,21662,19032,6802,19828,23217,22514,14701,10630,16582,10377,8648,8434,21826,8211,16717,12868,9343,11031,11899,15028,18557,16518,25348,23449,25585,26126,30979,30846,32481,36665,34369,29541,34331,30967,30324,30693,39728,29402,25633,25624,20346,20522,23595,27760,24039,21014,19321,21763,22454,15265,18593,22329,18708,19185,19548,30300,21389,24267,21827,21918,19596,18337,18651,16372,30686,21352,21058,27966,22311,19257,22844,19579,16918,20147,9403,19292,15881,8080,11110,13629,15080,17567,12643,14219,12153,12741,16330,13961,11672,10431,16020,21144,21894,17316,13102,11907,20982,17220
40424,20042,22591,16795,22327,21339,30511,20818,24480,24715,26896,24647,22349,19257,19387,30434,23901,20593,27696,22263,20138,24991,19930,20659,16251,13821,16574,14247,18152,20921,21509,16787,11241,18479,17685,12297,14370,15821,9012,13515,7096,9157,13076,9471,7191,17430,10263,9655,12898,20444,20124,14751,31843,34133,24655,35694,39377,30153,36064,28860,41486,46870,32086,38385,41174,40669,38804,28339,27281,34442,29509,27828,32785,20192,21019,23884,21653,15528,28096,26435,18993,13372,14842,15954,27531,16074,15910,19076,15163,26364,17868,15072,19125,27553,25844,29539,19921,21809,19841,20120,24687,23391,17771,19594,13209,17453,25681,13392,18571,16738,12886,11391,15161,20713,11440,10362,18576,15447,14855,19885,15253,19108,19020,16363,13451,20019,18236,26456
37243,16755,22979,21444,22322,28434,20840,26597,26468,16770,20217,25282,19700,18831,17307,17734,22770,14651,20257,26875,16489,20307,16529,31059,33022,20914,18061,14979,15911,16811,17930,16337,8770,16665,16205,11546,14146,11513,11848,8269,10953,2399,8273,7214,7005,9141,8714,6716,18819,17735,19360,23413,20264,25607,35734,37727,34469,30684,39052,40878,39844,43801,42200,40413,48724,34569,37803,38410,27091,31656,35799,28382,25211,18366,23537,34419,16698,19285,16804,12577,23879,18658,15725,17145,19650,27777,13992,19297,23978,17286,21822,19360,24939,26467,24089,24180,15455,30357,28328,21011,27428,21257,20943,18103,17230,26002,19033,16159,12923,17157,14412,18777,16693,12787,13025,10118,21574,12952,15300,16758,15079,22650,14083,16265,23387,11798,13583,21552
30155,15774,26450,19988,21042,18594,22235,23953,19349,23037,18985,37599,24885,20568,23938,20054,18719,24386,16980,20942,13657,30093,21898,20371,16028,17143,18717,25135,15326,13530,13002,13725,15958,13802,14399,10001,11368,5970,18594,10163,6900,5258,5855,7869,17870,14454,7364,15094,15971,14489,25315,18091,20957,22480,29997,24140,32257,39693,35634,44090,31141,40810,44200,32552,41249,39610,32988,31806,26085,30939,26606,27341,25643,28210,23241,27638,20789,18432,24232,15973,24876,17886,20147,16578,16535,14143,15988,13780,19384,16854,18560,18439,19781,22303,17725,23510,17741,30409,21822,16357,27170,18676,21785,25800,25623,17389,19240,20611,16794,23656,11910,21563,17742,13247,16029,10570,21674,19830,14739,16106,12313,15639,13392,15252,28994,10572,17275,21502
33161,16546,21564,30218,23129,21752,31425,26638,14856,15934,17690,18503,23437,11724,26951,18759,15827,19281,9007,19947,19699,12660,16264,17166,20768,18993,8113,13976,14194,12979,8488,24585,8302,13023,15839,16855,25034,12139,14968,17521,8516,16779,9823,8646,14813,11399,13428,11577,16782,17539,27535,24510,20370,24917,35605,29477,30107,31822,29937,42523,44149,44943,49761,35147,33886,46956,35038,34287,30553,33550,41514,31496,28485,23165,21562,22870,27767,14973,26960,13599,19978,19739,10273,14008,24961,13416,10216,16472,24353,13294,22485,18485,22249,24561,23302,24858,22767,26443,17159,21115,27941,19938,14830,26760,22704,28902,17744,11952,14975,23649,17718,13488,10200,15276,11122,12525,20820,17028,12831,11905,13018,12187,16267,21435,17276,10931,19724,20491
30290,15828,18628,16033,14913,18103,17077,21778,22212,19069,25442,11297,25244,12517,20080,24031,24746,19848,19115,23063,14276,13570,22150,14791,11890,16148,13470,22867,16189,16819,18313,22621,9656,14177,9743,8341,16329,12580,15308,16659,16620,11400,15342,7765,17960,11172,15406,14304,14284,14271,25218,16883,26227,33394,32033,31126,29978,29850,41615,36641,41029,29909,40082,41508,41285,38520,49142,40465,41122,28394,36521,25905,29125,27135,29678,22949,30455,20836,25605,20686,21752,17857,20747,19334,16240,12941,10859,13300,14113,19209,20020,15540,24153,20197,24458,28579,19505,24403,24060,19940,29968,24878,24347,26529,24141,22956,20738,17664,20920,20976,16506,27800,13987,14355,14228,15297,11020,15247,9138,17650,15620,15011,15902,3939,33450,16286,15961,14507
29542,12706,20204,22081,16960,17524,19962,22669,20642,17207,15026,14499,12047,13422,12246,25990,22849,22170,13317,18011,10149,16106,16842,12452,18610,14244,8715,14480,12482,10814,17306,20391,18035,16782,14880,17559,15206,10222,11828,17473,11169,14223,14009,12607,9689,22292,11256,24791,23155,16491,25333,19228,35729,28163,21414,37123,32940,38588,32893,35734,39821,44369,41176,39863,45772,43932,48239,39840,26360,37547,24056,35075,33230,19584,29059,38404,25987,22311,22117,20248,18005,22665,16967,12009,20105,15900,17377,10600,15135,13751,22296,16825,17566,23705,24387,19037,23170,26443,27781,34744,23896,37037,25876,22723,18181,23700,23378,16542,17779,23434,19897,19670,18359,12496,17437,9683,9997,15931,8516,12385,15437,13357,19344,11751,15200,17090,16482,15497
28321,16311,24520,23870,17451,25846,14838,13396,19487,16142,14939,13852,12473,21075,17044,11207,16387,13622,18566,10200,18003,10528,24007,11929,3361,12188,8214,15214,8131,16621,24882,14799,5737,11916,7172,15278,12798,17368,22976,10630,10293,15485,19300,12493,15873,21034,17089,11797,24729,20500,26025,19488,22594,28146,32878,29031,35822,34001,33597,38101,36549,36909,39401,35603,41486,37309,39676,35888,41989,34207,32327,35283,46217,32213,30653,36311,18990,21360,24537,9498,13094,9759,21570,14328,14312,10752,19667,13691,12696,13803,17299,19213,20531,20861,26616,24597,27661,20218,37140,38807,26800,32819,33749,23128,21841,31934,29650,20042,20597,21920,19465,29664,18171,17335,22942,14296,13425,18434,22680,9324,19299,17692,18669,12536,14471,16991,15027,19481
36411,20835,23426,20341,16697,23712,19302,16999,18296,23714,25086,32642,16613,15597,20609,15624,17279,17107,16356,6897,11261,7819,19313,17756,9577,11594,16409,13916,15374,9953,7014,15455,11853,20226,9532,13017,18288,10607,22522,10092,9540,29631,16951,22518,18675,12724,12935,8780,13553,19003,18260,24180,25999,32081,22489,35719,27724,33486,40987,34980,35287,39735,36396,37951,35004,39428,45449,35264,43604,38212,30835,29184,40621,24675,21682,20229,19891,15747,21737,9969,10956,11702,20408,18675,10867,18589,16728,7635,20633,13714,18575,26157,22342,19846,39791,25980,24990,35041,38492,24705,38298,29972,32758,24838,26064,43153,26545,30044,22032,35439,21922,21239,23371,20612,13820,14468,13407,13551,14234,18780,14014,17547,10334,23051,13816,13693,19403,17712
35795,15019,17581,17788,19059,11503,23983,15770,22101,14388,32837,15085,9933,11906,13218,19699,10557,17644,10844,14359,9205,15558,15530,17840,7709,7945,8693,5138,12136,16402,14594,16715,5269,21935,15704,16069,11415,14456,22296,19698,17857,16548,8880,9355,17797,18872,17890,26641,20370,25153,36403,23241,30734,26090,30939,39237,32220,29322,34397,33050,45983,35394,35611,38761,46181,36124,33823,32282,28641,26220,28472,43545,25225,24985,23225,21175,24126,15757,19125,13657,13058,16379,19454,16355,20265,12523,9644,3972,13617,18210,13604,19452,20527,25095,31725,35735,16118,25903,26713,21033,37091,29662,36524,33079,29103,30880,27939,35562,27196,29181,19922,30433,21486,18483,15224,14776,26692,12701,21062,25469,27938,17591,28295,15201,14979,23023,16519,17395
28341,23839,16148,20798,17054,14109,19018,21716,22145,16785,22882,13095,19552,16160,15543,16881,20379,10873,15630,15732,12645,19013,14415,11040,11666,15014,12574,10574,16236,8585,0,20233,17273,23729,16405,11819,12343,15053,7527,16761,16157,9015,16170,10535,17645,16319,21288,15120,19597,30043,24428,20305,29695,23351,20229,42762,47187,30142,35350,34509,39619,35157,29033,31686,37852,36836,41776,32235,38344,36571,31061,27804,36552,21378,29354,26349,19076,18112,25779,13705,9849,17401,7603,13721,8405,14270,17146,11504,18548,17070,20139,10945,16549,21776,24254,28181,22266,32271,28649,30754,35409,53216,29890,34857,34249,31175,30606,24718,28980,26238,24754,32864,27702,24944,19414,19350,26172,16997,21517,15307,20048,12640,10068,16937,16214,16937,21056,12536
35279,14603,12999,17485,16861,17284,19804,13644,17220,19025,13711,21049,21950,19131,17393,15427,10669,17125,12515,19113,14111,13966,18326,8038,19356,12790,14788,13819,6228,13918,14281,14886,9432,14255,18389,11127,10468,16977,13303,17187,16572,14161,19008,12952,16684,15029,13430,17490,21673,21196,26515,23654,24222,27812,25032,31351,44448,27298,31964,41957,32703,31230,35085,33099,37946,33356,29700,42080,25441,30399,23044,36077,35514,28255,22012,25396,25747,13920,19870,16648,14640,9597,8694,21352,15389,6343,10706,9024,9790,17019,13749,16231,17378,16678,24012,30862,35341,23589,23968,30850,31736,38822,30915,33435,29628,28536,32856,31718,24477,33381,39497,28618,31168,26007,30187,24368,15004,19157,17527,18063,12481,22256,21119,17315,17960,16293,17800,28057
27726,14227,11658,22283,23908,24978,14911,16027,19962,20230,15775,12078,18920,10881,15868,19010,23856,16589,14949,10362,21740,9837,5547,8478,13237,18422,5366,9726,12289,3090,11242,5880,11974,16511,7065,8428,16625,11889,11924,17410,11135,15409,11764,29435,19435,18401,14344,16389,25012,20430,27570,29997,36484,29655,27183,28497,28113,23537,22783,44762,43886,33456,30618,21649,40005,32898,32094,24754,30138,36673,28365,22642,24684,21682,16565,20000,24718,17930,28320,13197,12742,6308,12837,10920,20544,7721,11726,13494,19650,20398,14107,19507,19866,26738,30980,24866,27354,24216,25909,40320,36248,38279,42156,32314,33322,36899,38840,39674,32744,32495,47528,28806,33936,32230,23939,13051,21409,26615,27610,17033,14150,29598,18044,14773,21391,11279,10235,8806
22318,13043,27032,14832,16985,13287,24868,27024,15139,13037,18714,22574,11802,14616,22810,25699,19073,20613,16976,6801,11052,9545,24352,14411,9094,21509,10011,12187,15915,20431,16807,17357,3166,19744,21757,12270,14011,15150,16932,18597,13423,15859,19260,13322,11795,16229,21404,11959,10896,21567,18253,20090,20228,23652,25703,22820,24624,22846,23329,25038,17550,30871,24047,24042,24668,28663,26843,19836,31635,24048,32191,29804,26717,20301,21111,21853,20687,14827,15403,26973,16390,9886,16825,17994,18452,14976,10069,13701,14252,12755,11322,21818,20718,16433,32795,33444,16367,23535,25365,40919,42743,44590,38353,41620,27780,48121,38441,32325,30692,37701,40263,37795,25050,34675,27921,27750,25591,20659,31399,27198,21798,18726,22165,19278,21861,17714,15113,14966
22343,8214,25118,10315,15593,13437,18245,26579,24942,18223,22113,27125,14029,18096,18457,22521,16122,14879,12073,13784,10678,14611,11306,14535,11414,10516,8858,9604,6541,6135,14478,18061,10838,16408,10224,10310,14889,9962,20469,14721,14981,12428,16594,21992,18911,31011,12621,20341,25914,14868,25279,21395,20135,29756,23455,19078,25831,28583,28990,18163,20167,31498,24178,18696,31399,21906,19089,28163,18884,29814,35059,22515,21137,20880,19303,22908,18441,18590,19035,25698,16210,10740,14039,11394,13686,19346,15856,21918,11382,12245,20065,15776,23953,25086,25271,26780,22541,33335,26505,32290,36002,31514,35427,35152,27445,45700,39758,32853,34464,36860,34649,29724,46823,30640,24769,21642,23299,22979,19437,18786,17215,18365,19743,18175,18332,29964,17024,14884
26571,10187,14621,24263,15004,15926,30589,15954,21270,22156,14397,38100,17962,11484,18924,14302,17052,19232,23067,25685,13845,12338,13680,9550,15484,9434,13253,10688,13658,6810,8189,16975,9460,16356,24684,12040,18792,22043,16552,14757,19336,10334,17388,6829,11317,16233,18524,13834,20341,11363,20921,16305,18830,21185,25074,21317,20330,26832,19995,17218,23435,28440,29150,19856,23602,16803,20191,30373,18197,18896,22864,21736,24685,17432,17834,23332,23585,18413,19992,17777,19752,11566,12962,14213,19156,10919,12740,11106,14914,13052,25152,15789,19929,23450,27775,24789,25266,38797,31712,27005,40543,39639,39619,34839,34581,52129,44936,33017,44946,34489,37339,34653,31443,37387,29720,27939,33853,21613,24129,22860,29320,20761,21703,21892,18039,16194,16259,12878
32910,12290,7436,11460,14561,18270,17792,16650,24234,18671,21541,19531,27771,11644,21459,15247,17665,29506,11091,27424,10283,14360,15342,21526,10229,17687,9607,18553,13591,11043,15786,22163,9876,16176,7104,18547,9556,15663,10189,17365,11652,9795,14306,8238,23428,15277,14157,13908,14116,8304,18644,12373,24037,21654,14586,19351,22997,24351,23551,20782,30847,24100,20686,12626,28990,14919,16934,20744,25916,19533,27110,20943,20914,13516,14444,14852,27039,13487,21259,15902,14772,20783,10883,16105,13126,14031,10310,25351,16279,16693,17331,23128,26100,28778,22229,31700,22538,37871,25618,30314,44499,39562,31706,51515,36269,39211,38277,52216,36997,33914,38542,48149,27477,33208,39594,28255,27148,26411,25700,22880,21545,16996,20027,17925,17302,13304,11869,10779
33320,7492,21624,18710,14032,17933,24200,15292,25888,24424,15875,17109,21622,16813,19816,16283,16915,20904,14030,13311,20688,14140,17330,18357,12387,14180,14112,14666,11756,15631,9024,14355,14617,16012,16861,9777,13358,18571,21912,22056,17634,7832,11287,16464,16648,16520,11716,12461,19330,15283,19244,14297,17789,21928,15560,18278,19516,18970,18103,17841,26460,18750,31608,16744,15940,21815,16305,14964,14940,12799,14288,16955,17919,14684,12973,12618,14845,8042,14876,13052,20137,15017,16308,22964,14811,16650,11203,15098,23180,21569,21744,25860,23405,34536,30143,26854,26815,32402,33194,47311,44725,37837,39722,44079,39323,48432,46190,44353,32767,36979,35920,33031,36777,29817,30239,24409,27674,26502,17374,20251,15191,24127,25192,10582,21773,17795,25399,18121
26255,26087,19672,14960,12869,15815,13983,19296,20028,12699,25078,19224,20914,13618,16010,27347,14991,19456,22473,18498,21868,15564,36627,26680,18555,24845,21247,20261,17947,10950,12231,13439,10812,10813,6274,8800,12749,9335,8266,9401,7915,6089,9962,12315,11550,18491,11444,8236,20355,13484,20736,10387,11755,14405,11733,22801,13325,21467,19118,19671,23106,27662,18492,12468,14460,12649,14727,10903,20328,12120,17777,17920,21577,13318,8732,15168,12327,17761,17951,16334,11581,14600,14297,15082,26812,14418,32294,15775,14964,17318,20517,23130,21784,23475,31882,35111,33664,27220,40133,45095,40037,30674,39290,35797,49692,47409,39769,46532,29270,52339,33851,45586,35774,35407,40401,28999,41958,33035,23959,28718,24448,24775,29804,18001,18412,14873,10559,20336
33691,12097,18920,22304,17972,12045,13302,12242,16544,24477,19016,17551,17906,18269,17554,23159,25907,24153,21703,16344,14072,18993,18219,21396,15506,15133,10825,21338,16284,18513,10593,11133,9664,16483,9531,11796,9291,11516,15299,8032,8521,12576,6558,8913,18906,12739,15952,16484,14924,12583,19967,15624,16911,15436,19034,18247,13467,11493,11601,17802,13754,20548,9286,8732,17626,14418,24382,11847,16878,14065,10179,11409,17499,10576,13658,15667,15621,17863,14889,15870,19897,13451,11826,18934,21039,13112,25590,13053,17509,28890,17060,25167,23415,30395,36692,29582,19953,34305,34010,35929,44973,43663,37322,44280,45398,43129,45202,32013,34363,42429,29844,37562,44960,32600,28530,36644,40215,36930,21634,16366,24314,19224,22231,19586,14272,13214,13457,18563
26042,13432,13637,9260,17376,11203,16445,14367,20323,18678,19409,23298,17447,17334,20232,21241,13653,32411,21793,25863,19741,25248,23238,20928,11447,20138,21230,19370,10994,13466,19662,18174,7970,21083,18013,12955,11060,185,13549,15435,7802,14909,13682,6382,12935,10286,12717,22422,16786,10412,13262,21667,16806,17040,15044,13374,21456,14767,22417,19837,13956,15625,9981,7444,17317,8763,13247,15728,17338,14799,12824,10073,18611,13888,12841,22334,10269,12919,16893,19317,14980,16108,15267,10104,18814,15032,18624,27002,26314,18201,20046,18364,20248,23661,35990,40971,23279,27043,30218,35675,37918,35322,28846,35614,31411,41867,42369,39665,42462,45372,39097,40925,41469,32441,39811,45686,29113,32373,32910,28098,37034,32497,27491,14862,16414,16243,15892,15310
35300,7826,15074,14324,21436,25809,18472,20422,16389,20353,17766,25557,16648,20957,20232,25548,31581,17441,19321,23188,26268,28715,19836,22362,23003,28899,20158,25647,22694,25980,18250,21765,11712,17671,10522,13614,11384,9462,21385,11985,12947,13939,8047,3739,17572,6531,18687,12863,11188,11341,11088,6852,17845,12008,15100,21153,18037,11221,10566,16127,14071,21514,11139,11325,14189,8471,12675,12570,6644,10250,12312,11670,19494,12143,18699,12768,14755,19733,25203,18906,15609,13961,9679,15270,13877,24769,18196,22731,16949,17058,29464,25244,23959,28920,27557,26644,16743,27753,36132,34094,40842,33844,31510,45375,42654,40750,36367,39767,35795,40329,37493,49644,34877,30368,34177,29734,25876,39802,33736,27221,21704,21388,30413,17829,21518,13523,15097,13507
25043,12684,18167,16427,13353,15472,22673,10751,12802,10283,22090,22973,21921,15355,23692,14129,18875,23300,19004,23179,13897,29517,32346,21250,15719,19773,25236,22663,21415,19018,15585,15847,12550,26751,12768,10420,8784,10342,10501,7436,11748,8204,21202,6278,13844,9728,9255,16091,9224,10746,17395,11565,13933,15747,17020,17477,16992,12942,16432,19762,12064,15185,20712,13762,14108,9673,10046,16280,8925,18958,13578,15558,13653,14209,13026,16401,22639,26684,19739,8743,18957,13981,21938,23287,15027,20138,22224,18030,22388,24362,28486,33030,18331,21401,36230,30645,27352,27958,33020,34124,34365,33731,31566,28307,29146,34232,32527,38713,31793,35928,41680,39746,28415,36906,38415,32186,26938,33448,25196,24278,23945,22625,20722,25103,16165,25739,22668,28081
44338,14605,19662,15203,13479,23256,14873,15505,18135,21506,14242,23937,24729,14851,19723,32200,25172,19311,23022,21991,21702,22179,24934,25040,25348,32645,18198,29913,25954,23749,14923,13990,17770,19872,15457,21624,16670,15733,16722,17148,7509,13141,7030,9355,17400,14096,15436,15361,9990,9991,20586,11652,10301,11263,12476,19492,15289,14828,9798,9893,13576,12519,18675,13825,16552,11044,18916,15327,12746,9093,12900,18307,18558,23091,16726,20629,15899,15021,25289,14177,13115,11100,18664,23961,15451,14845,16546,14804,27756,21309,16144,21810,21309,28747,27346,24627,23924,28543,24979,23032,26781,33654,36259,31740,28189,36828,33248,29986,30848,36568,36755,32917,37528,33172,31473,32191,28301,36910,24220,31875,26314,29903,19723,25651,19957,17601,20328,14827
32492,13276,11205,13979,11516,23505,16457,13004,15271,21312,13156,16954,20617,16898,17503,21764,18758,23549,20066,17663,24411,24996,37875,31829,24468,29045,24065,30066,28347,25914,21062,24013,17522,28956,26361,13062,13174,8906,17021,16131,11898,6124,8590,9028,14500,17290,10227,7863,12904,8145,13938,16405,24163,11543,8856,14772,10680,14912,18443,19482,18406,12458,22941,12549,7982,18694,10220,11927,14149,14488,8725,18727,16002,21164,21753,13799,30852,9718,17773,25086,18382,10938,23051,21394,16557,23221,17784,16744,20671,24051,18773,22826,27855,23312,40692,31345,22212,27548,24479,25763,28061,24358,36548,23632,26796,37297,30705,34474,32262,34309,35822,30704,26764,31887,45798,24318,27240,28853,25789,31375,20717,28291,24359,17654,20597,17760,25579,20762
49013,19026,17314,20437,20313,21434,14433,11883,21014,12981,19350,17974,17749,12874,20713,27614,27326,25727,18716,29299,27494,24709,26792,25145,30400,31869,33320,27617,31953,16078,21556,22997,15963,18798,14318,11141,19093,15859,14224,11712,9324,8183,6404,9155,14805,14653,12791,17706,13639,9970,28156,11979,20729,25558,18920,23612,13149,18458,19130,13895,17283,19705,9934,9321,14435,18979,13211,22229,7813,10042,12102,15809,11667,11722,22338,21047,15590,17518,11438,16632,12064,8683,22444,18047,17917,16222,19437,17369,19775,25843,23548,24052,27359,30505,18147,26705,14687,30883,30878,29967,34791,33306,31511,25088,25540,27568,25078,25094,29144,31345,33551,38194,27562,27600,27408,37422,41733,29355,24387,22799,22185,25225,24432,17424,19602,28892,18256,16889
40816,14921,9297,14166,11657,12303,17434,15052,17704,22119,18898,20939,20512,15163,21599,20977,20102,23028,20488,24995,28087,26540,29731,31918,25604,37414,41853,30443,26315,25551,32345,28512,17877,25113,17846,13043,21211,14229,14864,12656,9516,16286,20085,9473,11403,8493,9409,9125,13713,8547,10390,15810,25738,27673,24148,16020,22526,9927,16913,22626,25013,21848,17159,13932,12035,17711,22324,15602,14756,18315,10186,12823,19341,8022,15924,27048,16619,18236,16021,11760,10093,11359,9690,15940,18408,13591,16197,14750,27537,18001,18925,22971,22676,28604,35221,24123,26153,24862,18188,28626,33411,23624,23346,24273,20836,29533,21668,26477,30920,28606,31851,30216,23522,30478,27608,19776,21774,27828,27800,22168,26150,31494,27467,19835,18447,21182,17518,26720
37711,16760,10501,17555,12898,13054,21879,13932,16850,19519,19536,24761,16902,11457,15242,22660,27308,22754,22046,28727,28911,28450,27653,30766,30301,26853,37285,30434,30410,25331,24919,24411,17779,34297,14402,18666,18893,13974,15663,17801,11615,13167,14403,6962,24490,9087,8871,10489,14530,13762,15550,15073,17444,17507,15745,26254,14788,27533,12669,12386,13843,17175,14843,10687,13379,28388,24927,14043,9295,10016,12298,8893,20341,6322,15345,21922,14616,14632,20622,10785,13124,15074,24590,22317,16122,14028,18912,15231,22970,22702,21363,30134,21743,32536,32264,27529,16396,23866,18756,19916,31337,19935,22088,16831,16807,23754,23804,19558,21398,33870,34796,26895,28050,23717,17690,28933,28484,28680,26341,17301,28922,35601,18797,15807,21725,16301,17536,11453
35697,12745,24151,18692,16098,13127,24304,16055,23290,16119,16730,13785,18747,13427,27922,27298,25253,25562,21511,23352,30318,29449,26152,35699,24170,26035,33267,35539,30886,33441,37592,24328,30471,33630,20400,18047,21400,14708,20981,12866,14403,12555,13171,16600,14136,10249,7504,14925,6183,23963,15764,10824,15048,8615,12261,19781,18868,16493,21116,26114,17905,13886,20297,22062,13282,11590,12608,13638,18033,10263,12054,12381,14932,10431,14204,17355,18507,8696,9454,12640,25173,12764,12658,30469,13300,13235,16927,17023,17775,17099,23747,16266,18285,20501,40658,21926,12698,23384,27917,34896,24408,25546,19545,33992,16096,25082,25411,14806,25077,23429,31878,25884,26679,30599,23842,26336,30423,28973,26900,25106,20741,21024,21572,21911,22318,18704,23890,19020
30558,14088,14798,7464,13101,10562,13128,14858,10577,12734,16382,14260,14180,20870,26273,26394,19042,19466,30397,22879,30366,34677,44238,33626,39574,32234,36888,38496,41530,31730,35694,28728,26351,24118,26992,23450,23423,31459,15700,22970,13651,8142,22853,13240,28166,9590,7645,8332,11441,12080,17329,15120,12896,9054,14561,33765,20279,14145,10356,15038,14937,21882,14752,10264,15337,10726,27621,15838,13421,13951,22041,15649,13771,16238,12861,24744,17580,15841,21033,10827,12322,8185,17092,13989,16447,14577,19013,29425,16441,18924,17496,13690,16240,18167,26229,27501,16952,21317,24309,19205,27226,21049,14974,23154,14607,17905,21128,19787,15355,33624,22654,28663,25902,27700,29733,20384,27362,32111,20726,27252,22466,23756,19914,14645,16403,18161,18840,18440
25205,20967,16326,12581,12886,16829,15893,25325,14837,14532,22086,24742,16945,11469,15484,18441,20052,30381,20702,23656,36794,28866,32453,30271,35920,32800,35589,38016,25671,36097,29561,33067,29411,38055,45134,28051,21277,21877,30146,17644,24339,16753,8868,21020,10889,11980,8649,7098,15126,15996,20079,10924,17856,12878,13314,11574,13655,17199,10743,17715,23419,22712,15475,11563,17821,19048,23213,19681,17133,14089,16232,15513,20344,10904,12809,13705,5415,13652,17317,13194,17659,5689,13952,15870,13195,10841,17816,15361,23206,13331,13070,22083,16696,35390,27739,28457,17790,16859,18718,27310,25213,19278,21720,18150,19723,20616,25945,19026,19025,27551,19668,22741,29350,13881,24231,26069,23127,25137,22835,23377,26897,24753,23990,19328,12035,17006,20426,16194
36604,16940,12538,12564,22767,23762,18234,14035,18383,13339,19024,13970,19019,12021,15644,24936,22130,25740,31636,27086,34796,25755,35120,29741,29776,40187,45578,43699,33560,41316,38035,38348,36495,38346,24748,27720,27960,19040,30714,18502,23471,19884,14577,25104,30378,14294,10581,13890,13391,14016,11573,16014,11857,14363,12232,11547,24764,28386,12244,16828,18365,15187,21178,15631,20968,23223,19349,16497,15947,26549,20563,13447,19830,13874,14711,13498,13831,11805,15388,5890,12325,8651,17510,11593,11497,9282,13593,15870,24032,16739,12536,14344,25340,17151,22225,20694,21034,19614,19271,21281,17557,17867,17034,14748,20891,18582,13288,21880,14029,20235,20872,21779,25817,24065,26405,16929,24966,28684,30840,28687,22049,19163,29893,21034,20734,31289,19782,13560
31115,16614,14905,15035,17055,12216,15872,21212,17845,16522,14742,14472,26759,13754,15538,20644,26325,28893,17412,23290,31126,35694,29836,32545,26716,44995,30625,39902,37507,30824,36773,39016,27439,41518,29978,33636,28607,33893,25155,22092,19877,25805,19291,23731,17544,12282,8966,12462,15278,20093,15809,13280,13036,15033,16329,22557,13492,10146,11911,15905,29573,21230,17793,17846,19701,14959,16531,20286,21731,16172,15718,17539,23678,12502,15284,14142,14428,11812,16593,11472,25250,13345,8220,20075,14356,13861,12884,13034,13993,25437,17887,15244,20529,22966,21905,21960,10453,21957,21809,17636,19405,20183,19853,23082,19703,21288,13024,22012,17930,23869,18073,34244,14594,16844,14671,19124,21334,26558,21540,22294,19849,18288,34377,18089,21912,25600,21337,13531
42184,13583,25515,13254,15044,20835,12989,12564,22441,13727,19319,14524,14915,20057,22989,25513,20952,32472,28010,26452,30359,38799,31277,29706,30296,53487,42553,32727,41350,35638,36289,38137,29439,37147,48353,30810,30930,27341,21955,23948,21247,16935,17428,12935,16784,11415,6825,13488,29307,6263,18542,21291,10270,17473,16473,10471,22955,12287,12459,13276,25556,16399,23401,15657,23255,22943,19087,21354,20909,16245,14817,17464,17957,17496,12501,13488,23575,17553,12724,15256,8520,8551,11926,10600,7425,10002,16459,21637,24296,18562,21037,13889,17358,20885,21398,19528,20994,17936,21161,26550,17988,19304,16892,23338,14674,18851,20031,12773,17705,17262,23590,17195,16159,21340,31343,23017,16512,24268,22075,20897,22347,26377,29252,18472,24427,19358,20756,14493
29211,14261,20164,28508,17870,17510,21161,13758,18356,18295,14954,18060,14632,19243,17257,17792,27019,26502,26888,30220,27706,33554,28354,27602,27073,35044,44870,40549,46319,45650,48192,48568,31075,33614,32658,25089,30478,29671,26279,18724,34533,23820,25294,21386,17716,21042,19885,10616,14810,18219,12990,9746,13036,12537,11545,15939,17119,9478,15364,20551,22528,23763,20239,13534,25100,30936,23482,27449,20632,21122,20268,36712,22638,18283,16007,15292,10927,10092,16623,18737,15722,4737,13109,23484,8656,17669,9956,12153,10748,11055,17352,18717,14619,15440,24281,22967,20352,11238,21488,19021,20393,24141,12200,17559,15258,15010,15529,11719,16060,24119,15366,17187,19497,13572,33023,22043,14968,16339,16886,14739,22275,18901,16694,22889,10682,15826,21100,19714
32941,8992,21027,19266,16488,19292,20952,24822,17812,18401,14389,20492,13829,15607,19949,23508,26437,16824,19930,33054,25280,30289,37848,32228,36037,33943,40578,40349,42469,29863,48718,48190,32043,33550,25876,32651,31636,32828,26532,27808,20253,27962,15438,23456,13365,14712,10488,13786,8019,9096,17909,11516,12829,9344,13502,18461,14229,22283,12248,24304,18273,25587,16658,12405,21664,16247,28128,25875,24785,26773,23957,22651,24823,16193,14758,16583,23605,13010,17775,12463,10254,7220,16375,19484,15281,10429,16914,10900,13491,18083,17070,13831,16504,21156,26661,24620,18927,15162,20260,27962,21920,20895,7822,14415,18497,19787,16701,13427,11929,20098,14374,16582,20410,18226,20318,20438,15586,17799,22623,22595,16362,24283,18623,24928,13838,17414,25256,10686
22658,25806,18013,14413,19868,13028,28730,16967,22831,14167,19632,21611,24395,19146,26430,22330,19794,23510,26679,23624,29055,34214,35098,43276,37808,34587,33659,42124,32878,46596,42465,41996,32684,33644,30515,28027,33258,23685,38635,23433,17000,24076,19830,12321,19032,18573,9251,14968,7913,14039,13467,9,17304,12688,20807,14950,19039,10854,18209,16546,24653,31353,21255,17997,20755,25374,29602,26011,22652,20401,25838,31488,29335,27086,15625,25483,26243,14097,18324,11877,15359,16126,14131,17520,16669,4244,17082,5966,20360,18064,10042,21224,17899,17201,16663,28224,13456,20329,15309,11814,24240,14808,14570,22766,12377,17646,18737,16886,19689,20671,22225,20768,29346,16798,23901,21029,23789,21811,17770,16545,15183,14697,22962,19417,19354,19983,24556,13504
35908,17878,17869,13221,14491,20064,30855,16643,16939,16226,23137,32001,15441,15876,13532,22783,14582,26169,22462,21875,21951,31451,32388,36494,36493,24719,32474,45675,38523,34982,35195,54369,24660,39895,33381,38396,28828,28416,36239,22228,19868,25077,26959,10556,20464,13200,7832,16004,11611,6369,16115,9679,10797,13480,14751,28116,11617,10542,14162,15536,21119,27779,18463,21954,19693,28276,26373,18972,27431,29320,32696,30797,25137,21317,30568,22491,22820,20999,22140,17879,16117,18700,10993,19804,15170,12877,12627,21134,19075,21967,25292,11696,13750,14145,29033,22691,12523,25350,21907,17974,20845,17264,14000,19436,19378,22528,22638,17817,5772,12501,16496,23728,11095,13438,29484,21487,20016,19931,15056,15310,13565,13610,35183,15570,20094,16130,20375,18161
38641,23394,16048,16292,14679,18529,17424,22346,16261,15622,21807,20090,18991,15306,17508,28436,28189,25531,30061,31608,20987,40643,39197,37546,38080,37047,32436,42622,43936,34236,41252,33416,31904,36543,37304,21746,24858,35184,22898,26386,21223,22515,13809,20992,18388,9217,19404,1844,12063,11831,17092,3391,10650,12624,2535,18656,12377,14051,20801,14107,11753,20469,22130,17268,35448,25021,32000,25383,22198,27649,32319,28587,26501,26921,17403,26459,25327,28806,21808,11204,24813,22041,27254,16937,19082,15299,14077,12894,21927,18668,19211,14553,20546,15916,19712,25011,15405,21186,17041,17650,24688,22219,10803,15435,20388,11525,21566,10420,14625,19973,24603,20895,19924,14506,18521,20809,19206,25554,15949,13814,25261,22866,22399,17234,24767,12882,20091,11172
27305,11092,18696,19441,24307,17638,24851,19490,21257,18478,27636,24043,14789,14817,26084,21661,26113,25869,25112,24807,30187,25487,42874,29368,23157,33594,26889,41019,31524,27472,32195,42707,33276,45718,37609,26206,24517,21077,27730,27682,22032,31779,16661,16860,17112,10121,12576,9698,16163,16932,11153,20759,6200,8122,6594,23129,18606,14644,19702,19491,27408,22870,29022,18982,28735,26772,28654,36450,34097,30008,25953,33674,33451,27811,29338,27347,28301,29300,26829,19461,24004,15959,13851,16694,20505,10636,18496,17058,19835,14284,14947,16236,17301,13852,17336,15217,16757,30162,28763,20263,22002,21872,15180,24649,14883,14335,16063,16204,13060,16363,20491,16374,17901,18239,22342,22869,26695,25244,13543,11851,18988,17982,15962,16068,18041,15487,23875,16189
19561,15912,16921,10703,30980,20900,17186,21702,14699,22921,18332,14273,16871,11815,21072,28325,25213,21959,16773,29423,30433,28292,28754,33773,25119,33946,36911,40489,37018,37487,38985,29387,27494,39238,24253,22555,33340,28658,36157,28320,19012,26802,29340,23855,30430,12132,17425,11054,16951,11524,12793,9157,21621,8332,7604,13721,13990,23871,15917,13809,17704,15619,18615,22665,25447,28163,32948,28866,28279,28510,31243,25408,37048,40965,25056,39863,24094,29291,33914,19330,26651,22676,20373,18330,22568,12772,12980,28679,15705,15671,17101,14330,17936,21969,23940,15403,13420,16496,22032,18011,27071,17492,11933,21103,15334,18285,17080,17511,17727,26409,16947,21723,18373,19558,17458,15578,16307,21826,19350,9463,20463,18755,17194,12052,18623,8571,19758,17731
31287,9193,17209,12777,12458,24169,22800,13050,20122,23289,20724,17216,15207,13011,17899,21643,31042,18629,17790,20076,32763,22644,26220,28807,24840,31314,32129,29233,29397,24992,29825,30439,21722,32686,24904,21556,28547,22706,25226,20797,19367,18242,33641,13222,13617,18383,15516,14792,14810,7079,17290,8708,21667,9068,12903,13418,18286,18656,17023,21823,19374,27758,17740,20846,29084,32138,35866,33335,30621,36267,38928,33875,45706,30952,24975,29457,31952,35982,33038,29563,24409,19707,25471,16085,19829,19232,16407,16788,22616,10736,14430,11324,20018,17059,23091,19363,15454,21676,21141,26198,22115,25120,15332,21356,20729,16019,21918,10177,15825,19015,17505,27010,17694,17436,15219,26777,23977,10228,26876,19067,17829,13674,20967,12622,15500,12300,20211,18456
18535,12942,14697,12603,16086,14935,28185,15414,19648,13274,14987,16151,10474,12453,9242,13577,19963,15812,15782,20538,19969,18927,22785,23170,21654,27546,20998,25317,23249,28245,28621,22659,21650,34525,22899,20463,19442,22407,27236,20795,27516,14373,16048,13041,19928,18613,6392,15719,17494,11918,23585,11431,8321,15039,10356,29608,22455,14928,14919,19902,16119,25771,28789,25174,31123,30325,46148,32280,34456,45222,36564,37199,35935,33566,40076,42867,38274,41711,31318,25436,31697,25794,22558,23806,21718,22926,15323,10965,19571,19834,18702,25406,17514,24797,13920,14652,12802,15586,15123,15284,19224,19725,10952,16011,19780,14690,17458,12898,12790,21342,20999,23756,21355,19785,18485,14087,27289,15366,27767,21456,18716,18542,27875,13814,16238,21320,11164,12149
27770,9130,19848,14627,11172,19556,18414,16811,15775,18773,17671,20224,22982,17345,17030,16724,17411,24464,16971,25392,11931,26268,31606,12776,17488,23381,20224,22812,18734,20188,23609,30130,19870,34965,22809,26351,15325,18689,27913,12272,17332,16236,13901,17489,18315,22363,12736,9130,20247,8406,10075,10199,11522,10668,16936,8617,13337,16572,14738,21713,28693,35895,23793,19861,22340,28300,40263,34102,35603,35661,33835,42449,47747,37551,41081,34658,46202,36437,39749,24584,34103,24353,17014,32544,19358,17617,17042,15693,29054,13185,14956,15549,22995,12212,26145,27090,11370,14455,13788,16863,17225,18630,19923,17790,18222,26540,20529,21130,23814,20404,21982,28908,20008,17234,21915,21144,19244,15912,17513,17747,17011,12897,14374,13589,12765,14503,23006,11881
27549,19228,20339,10815,19645,8916,13947,18168,10912,14602,22700,16195,22992,14504,16466,13590,11214,18568,14596,16010,16833,12986,17318,20690,20694,21690,18393,20466,24476,22606,23439,22156,12033,26834,19884,21763,22330,16528,24728,19260,25205,12894,8762,15537,18143,11148,15893,11054,13238,13384,11645,9932,17130,9440,14910,19930,20739,20009,27716,14213,35594,30957,27260,22890,27199,34369,38398,34451,38557,45571,44786,48715,38516,47047,40366,42850,39877,31528,29256,34321,31967,23100,19951,36376,19212,23293,29731,18599,10278,9814,11775,18640,13368,12158,30333,14187,7307,17096,13231,19111,16650,20648,21536,20683,14000,26006,21500,18318,18156,24112,20002,18424,25184,17351,21664,15768,19269,22905,23187,26670,13969,19005,18442,8944,13829,16720,17949,23965
21002,8053,12211,10116,8710,19195,15285,15441,15371,28286,26705,14631,15028,14223,10286,21601,17718,19997,13346,12582,21770,16719,19213,30734,17619,24029,25840,16333,15464,16906,14491,21024,15082,15594,22559,17704,13866,14894,20782,21817,11894,22490,23449,9478,20847,13744,20492,7360,26110,11365,17540,9895,14157,15781,19528,16694,11095,20864,19523,23916,22898,30272,19981,24044,35704,26928,33966,33101,37103,44606,31442,37354,42654,40918,36114,33692,44052,36877,40612,38299,29284,24217,23634,26530,32306,17126,22061,18991,14980,20427,10483,15171,15502,16790,14693,19480,11765,13874,19060,13386,14690,15985,20261,15132,18202,24799,17608,14002,23532,28625,19294,22245,26363,19876,23363,18003,15715,22322,16554,20010,22180,21960,23251,10075,10804,16016,17266,21151
32524,9690,20708,14820,16072,16403,14878,13300,17147,14144,24381,16883,7366,16491,10264,20433,27966,17117,16027,18919,18458,22393,28744,21118,18831,18091,21370,22227,13553,13154,14282,27587,15175,17377,20622,12038,25142,18733,15111,17042,12356,12402,12331,16416,17579,18162,10510,16010,12724,22905,17949,16033,22103,14665,15706,16110,24122,26714,20145,24192,25574,29914,32647,27602,32512,33616,39661,43493,32126,41797,48079,32394,44905,37426,38626,46762,44959,33377,32774,31743,31346,24696,30064,25541,28125,17646,20029,20978,13461,16020,17665,19919,14062,13649,18079,16499,9486,8571,18261,17713,16772,20932,21040,13024,21549,20313,14281,16373,15899,27066,24522,26025,25307,17729,18399,26089,19562,21081,21619,21410,16336,22050,15933,18247,12647,10782,16703,11397
34812,14873,18994,19400,10872,10960,13447,11762,13474,19108,11393,16909,14833,14367,13813,12059,23399,15899,19749,16976,12154,12946,14776,17308,13817,13811,16657,16211,7821,15261,15141,13732,13107,11808,10965,16717,13467,17207,20535,11930,11176,23248,14306,21647,21923,14123,9724,10346,24377,20512,10896,15213,20657,28830,19090,19758,22931,25810,15720,32139,25632,27129,26101,25706,34903,29791,39858,44217,45230,37424,36862,41766,51855,46117,37183,47244,39058,37063,36078,39536,27951,22167,32359,30537,38311,19768,26583,16020,23240,16663,15420,12792,15644,10612,14477,23933,8744,20246,17219,17037,24053,25118,12104,15625,20125,22085,22677,19406,19168,30023,31728,32242,30042,25698,20339,38816,26125,25517,19156,17648,19360,18691,26361,20555,20212,14282,12617,14515
23554,17429,17714,14064,21449,18185,17669,15307,9568,24113,11780,21659,10136,9080,24163,18694,13812,13411,17874,12608,11483,14377,18079,11266,9350,14180,10969,24953,11270,11580,12639,12569,12594,18117,21104,13414,18644,14819,24799,15948,14925,13666,14130,11757,18550,17798,20170,19240,15201,13685,21396,8279,24393,17877,21695,26540,20074,15268,15660,18328,19241,30644,36760,22460,28036,44762,34281,43104,36291,36174,42185,34282,42546,34834,35326,36670,32881,40625,55378,36832,27017,25831,32053,25247,24884,18402,26761,27503,18923,21780,24541,15909,15136,18379,14723,20088,5956,16827,16860,9610,14405,14645,14396,15431,21781,16486,29425,19287,28048,24806,23192,27897,33049,37691,16562,26748,23482,18103,24427,25070,22586,29044,20355,14728,15418,16151,22847,15127
28109,16817,17240,9603,13447,19042,12946,20177,16749,12404,19310,15218,12736,10834,14459,9169,15196,21013,10503,20425,12652,16891,11677,13215,18314,16387,12502,12490,16524,15559,11782,15356,10829,15302,12958,11682,11084,18178,13518,16350,17874,14802,16221,9822,27340,27241,19321,19329,17173,17617,21451,12158,25263,22422,16080,22573,20099,18137,19207,23719,31171,25465,26763,32136,25781,22946,32852,38558,40282,35715,40329,38072,37959,39336,34497,34157,46828,32008,32495,27878,31900,32762,31114,24856,23219,26099,18770,25416,20086,13199,14109,17507,16233,14706,10287,17911,8110,8452,15602,8901,9766,21476,10311,17079,28566,20768,26315,21958,26341,35099,25516,26665,28884,31390,31053,33294,19970,26817,28330,29242,27297,23669,21949,15098,27970,12440,14356,21147
39379,15672,23075,13961,19184,23409,12669,13256,16262,14762,13564,16241,12768,11294,14396,7617,32114,9857,7580,13093,10691,15085,9501,17087,14714,8778,7482,14724,12004,8702,13087,22518,10256,20443,20558,18157,11371,12363,14165,19313,19973,13554,30461,18225,22850,17495,21838,26168,20345,13374,17544,17788,15123,15849,14311,21465,22221,18293,21204,19937,24386,23980,32528,30069,24476,27924,33325,42647,29479,34375,31555,42515,40460,43441,37716,25504,34073,32414,35811,27424,24652,24657,34254,28938,25535,31730,20676,16865,23444,10911,23952,11876,13662,11413,18438,14034,7989,17393,16512,17467,13075,23271,17983,21255,12696,22794,26136,30785,23702,28778,24962,30252,32010,28843,27653,30972,25074,29465,25162,29416,19290,20446,23198,17184,17215,24937,20722,18137
35951,13386,15678,16331,10483,12482,15670,9148,13891,9883,11321,15740,13743,17172,18362,20133,13676,12946,11942,17249,15134,13209,19180,9811,9743,15740,13798,20083,20936,18574,12354,16402,3356,17103,10257,13122,15635,22444,23248,15375,17057,16458,14430,13738,16605,19729,18471,24269,19342,16094,23045,18459,18429,24538,18172,20573,26183,14981,15398,30625,29604,29455,25040,30351,32102,30737,30489,36998,32578,26987,31009,39181,38353,34572,25605,32605,29243,22625,33252,30746,36974,25653,20684,23765,31632,20932,18627,18236,20125,19468,17883,19070,21551,10453,12222,16933,14010,9008,11028,13628,12594,13001,17360,17158,23697,22134,19152,23825,22112,25445,33480,40027,34643,38827,31163,29815,27039,29861,32952,24007,33458,22896,22045,30294,17180,23804,25045,17446
28918,11703,15316,17658,11564,16309,18800,11965,10600,14434,12106,20104,9649,9004,13517,11785,11916,16606,7381,10304,14308,4569,20957,12522,6351,10954,14892,16426,15827,8131,21805,11776,5875,16535,16070,6602,20041,11253,18803,19922,16917,15260,16738,23846,22875,19090,28220,20510,18057,16716,21424,21252,24082,33276,28420,18870,20993,18938,25282,30598,36036,26631,31864,25316,33137,34847,25397,26437,29062,35797,26997,26488,32074,32768,34945,29026,33139,31199,31376,35519,24336,19449,28222,22081,30446,16346,23415,21034,16710,21239,26901,13655,13804,12614,17805,15443,16706,16296,13955,13616,19660,16169,27200,19799,12833,30073,26729,25188,25003,22265,31647,28227,28560,35747,36472,25686,33871,31401,35783,31666,27453,17940,22837,25213,25013,13503,19792,19298
27456,12597,22163,14824,16731,16021,19217,10861,12888,8372,7991,11565,8985,13542,13878,13389,10999,10587,9861,6968,13164,14139,15591,14200,12192,19526,30115,12511,12245,24097,12367,14674,5120,16135,5302,8361,11892,13219,22145,15238,16960,14276,15738,8506,16423,20639,12223,20272,15611,19722,20727,20175,18056,17986,20962,18689,17640,19080,19142,25281,24246,28040,20749,18199,20956,27812,38204,22822,29967,30530,26577,33868,29481,30371,31779,25612,27344,21963,24493,35191,26915,18432,29899,24729,30750,37175,16457,19671,22517,15413,19595,22890,13929,17146,25550,31390,11182,10382,18326,12071,17955,15138,18559,22143,15782,30050,19247,24258,24241,47537,28983,36028,30663,41148,43795,28233,47384,27213,40919,33150,26724,33484,26990,30486,23930,26515,23902,32073
28268,12563,13201,11286,14589,16851,27497,11550,16376,9831,10953,13374,8376,11031,19905,16671,10760,15321,5158,14115,12877,20560,15657,17279,22821,18014,9585,12576,12445,11893,10315,19181,11237,12338,10736,12527,7481,23674,18545,17555,16045,16998,19123,12173,19377,23657,20197,20288,19382,19611,23938,18970,22250,20506,18230,20147,25901,18276,15118,32467,32886,28211,17899,21411,30562,33165,30973,22407,26908,25956,26393,29991,29189,26947,31367,32065,23387,27263,23621,26563,24896,18952,23090,21742,21793,23478,21516,20784,28771,26011,18520,17699,11406,16498,17732,20593,10217,22253,19204,16013,20716,20014,20763,16837,20078,29358,36577,29413,28449,34078,27703,34269,35457,40757,34148,38769,37394,33575,28446,36190,34355,23602,35309,25357,23548,26869,22640,17334
33380,16183,22008,25278,14425,12795,18878,14767,12031,8197,19536,20685,18757,12254,17885,4266,12186,27004,10967,17728,14674,13482,17759,16812,13504,20859,13028,21244,14730,14221,9700,18378,11800,11755,16345,9398,12762,19917,17618,9267,17553,18766,15361,13565,20180,16463,13170,15681,24394,13176,27022,14517,21994,24936,19452,18078,20244,15042,18120,22629,18757,26076,26466,16296,21825,26018,28543,33892,24110,21858,20383,19214,19995,28092,22642,19593,24280,26366,26303,21434,27212,33579,19714,35144,27829,22427,20214,21789,24964,21620,25506,19064,28078,17691,18916,21480,14551,10459,14107,19169,14350,15130,17096,23407,27943,28963,22388,23651,38449,29259,31864,32259,37885,38954,40057,36292,39663,47227,39031,34746,36703,30556,37300,27753,25993,23959,28833,19092
45105,16977,23072,14770,16567,20384,15663,14055,11510,24205,5183,19337,14080,6874,18587,15611,15068,19690,11245,14668,19851,18708,15386,16524,10469,12251,9057,12713,14727,15439,16951,13896,11940,19408,13640,13989,9648,10565,13696,18464,18099,19154,15884,15169,25153,18860,13661,12560,16090,18083,23525,19873,25070,17739,11067,18239,20331,23108,13217,16320,21204,19863,16780,13058,19459,17189,27481,26994,21358,20149,19948,26514,15868,19280,19436,18571,25501,25312,24155,17189,22077,28779,19481,27162,29140,16003,21859,27543,18139,22430,15423,14952,21658,19225,18020,22605,8912,24276,12403,17838,23438,17883,15498,21686,27346,23973,27401,37265,28853,40973,43238,32302,37892,31609,39427,37335,46937,41945,29533,27438,31064,31223,28565,34900,32029,31116,26831,18616
49089,18073,27392,10983,16161,14211,18380,24717,12679,9309,8255,4735,8090,7008,10983,15813,9883,12095,11946,10216,12819,8305,21266,12533,11227,14822,16145,23460,13713,9259,21485,15255,10025,20974,17929,13582,20660,5745,20489,18828,12329,15132,15780,22405,24206,20939,9225,13556,21006,13546,18170,13941,21795,19129,13067,23655,12086,16375,20599,14432,15108,22609,18361,12867,13910,17581,25055,17960,15505,20758,23627,15394,20795,18778,25045,21747,21165,16875,26161,22126,27365,17822,25026,20969,32586,25227,25847,25343,22792,25508,18866,24564,18663,22450,26070,33177,17124,12297,20690,12494,21132,25189,21881,22849,23921,22489,27063,28559,27428,30276,30541,30538,37274,39496,41037,39134,42790,46953,37875,37722,29049,33381,33023,26599,28014,39496,24715,27197
54256,21646,26088,22003,17287,22425,28776,23759,13927,7497,17739,12949,10784,6286,6831,9983,15295,13335,9522,13515,10171,14031,15936,16047,8600,22654,21478,16041,12300,10988,9777,15425,10368,23480,21044,14603,14610,12402,18273,15105,15598,16384,13715,10276,11974,18020,14817,16466,15645,11956,26163,16634,18257,13808,7600,11252,29218,19936,17050,27006,15252,16750,17336,8192,16935,12535,16109,21368,19420,19558,20090,20210,30154,23467,23556,18584,19541,24303,13270,15081,24035,31390,16028,27221,25603,27221,30253,21954,25186,18456,18478,18720,18926,20096,21561,27561,11572,22211,21813,18191,26862,24970,10875,24598,18275,31000,29172,29879,27872,43275,32663,41175,34094,41807,37593,35761,38894,43012,35086,41251,41497,36691,43823,30338,31213,27524,25923,27129
38517,21855,39843,22457,23143,20941,16989,15012,13644,13190,19668,13070,6579,9913,10666,13833,11948,14521,12638,17714,12888,11695,13448,11717,8142,20930,19286,15283,20124,21784,15507,14029,10394,27009,22610,13683,17753,17103,21795,11824,11705,16301,18638,10778,12704,14206,11543,11972,11866,15222,19491,9216,16059,12604,12580,9991,16980,15918,12788,18385,11744,8911,20793,11983,9521,21892,17143,19818,14083,18120,18754,12938,13576,18625,16333,16582,21235,16113,28068,18349,20613,16643,19506,27348,21618,17357,24643,28017,21630,21786,25428,21003,18958,24666,22546,24236,12116,14252,27448,21063,19340,28323,25052,22938,16222,27460,25793,28327,24071,39072,33277,43806,43127,33374,38519,36712,41722,42453,33150,32520,38060,31328,41889,31837,36850,29088,32305,24650
46562,29486,16594,25995,20838,26411,21525,14097,27053,10542,19214,15084,9233,5895,16173,12140,9892,17535,11335,13426,16023,26200,17751,22467,14365,12541,18371,19985,18290,13713,14894,21142,14799,18988,14043,14617,13105,15932,16568,13456,14863,17017,14578,9626,14016,7934,10588,10414,17755,10683,10291,18910,16882,9552,12485,21031,12081,9041,12099,12715,22592,11064,13248,15576,11177,9733,18120,16564,16974,12433,9493,14797,14375,13472,12087,21697,14217,17451,22005,15840,17547,16468,29289,19539,22994,33487,25710,21197,32445,25915,16741,22423,19306,23734,25554,21932,12687,20592,16021,19790,27480,20824,30183,25353,20353,27779,32514,16559,31603,42433,34759,33646,28158,34215,32150,42672,33978,37510,43313,38883,34232,40224,35104,36698,40467,34164,33879,35519
43952,23786,25378,38810,17611,25127,30246,18328,18213,15291,9142,18812,12537,9183,19793,14313,22600,23838,10272,12848,10219,20133,13484,19822,11272,22128,12313,16111,20887,18683,18788,18405,11942,18415,25905,20080,19536,17668,15654,19820,19081,11161,15714,7046,17633,16565,14434,13567,12017,18123,15741,8506,16618,9622,14711,14601,10191,13247,10586,11283,17702,20448,27462,11324,12543,15828,14356,8627,11821,11182,15786,13291,5917,11891,16341,14503,16282,14142,20278,18958,15264,15966,18219,25888,17096,31030,21425,18303,25400,37565,22285,22527,21238,23452,32458,24527,15828,20032,20538,24680,27778,33598,23777,20846,23460,29796,26433,23796,39507,29766,29394,45606,27879,41300,33066,36498,37767,39327,31502,31759,46808,34286,42203,34256,36117,27748,42138,40830
59273,24115,34276,26851,18039,18155,26197,15176,13490,13063,19565,15228,10029,9002,8654,8034,16045,18731,14692,20038,14384,16709,17169,19385,14402,13742,13847,16177,32929,21812,17667,26061,15517,24223,24498,23206,22888,19764,16273,20247,29451,20213,15123,17646,17963,18866,14554,11756,18003,4979,15783,9782,11595,13528,9617,12737,17871,10691,12584,15967,9136,9458,16079,8788,13786,15056,17265,10090,15171,11846,9386,25538,12793,17982,19496,11698,23101,13250,16810,8665,22724,19130,16568,25111,34792,31166,30998,26798,33323,22349,23361,24514,26287,21493,23069,22802,19751,21790,31095,20187,31874,17712,19221,26641,27587,27924,21444,23866,30543,33464,33440,39195,26551,40623,36244,25957,47245,37338,29571,39208,39585,36708,34081,36470,31516,27901,29413,26411
52546,23374,37508,29052,26287,27787,25162,21080,29608,22406,13448,19687,10754,8937,12652,14446,19507,13644,9855,17847,13724,13683,20712,14598,13827,16886,17255,25878,17798,21730,13797,16854,12383,20382,22851,21550,23358,14302,26117,23305,23061,19410,21992,15793,13116,26364,8599,13788,13404,7673,18537,12989,14919,11885,20815,8590,7467,16976,6385,10621,13356,15175,23346,10684,8824,11475,22031,18832,23182,13499,17398,10385,12862,14963,9466,16108,12475,12541,13554,18305,18053,21009,15696,19700,23632,26348,26573,20296,23315,21096,16768,28802,23785,23248,30108,23660,19752,23194,11293,26927,16199,18633,23298,17496,23297,33008,21568,30610,27672,38691,31313,43401,33888,38105,39180,24957,38786,31590,31631,34917,42476,36470,32664,32124,27883,37045,27389,42526
50552,21932,26379,29252,21338,22453,21588,19848,22762,13562,10760,14709,12967,5143,4726,8344,7192,11880,11029,13719,20021,16203,26565,19938,14571,15032,20656,20174,15267,18645,18622,23915,21790,23113,21299,24463,20839,18066,28131,18163,17541,14271,11901,11716,19416,14029,12721,10804,11745,15309,18014,7478,16201,13068,7422,9023,11750,18220,15370,26579,19349,9499,16927,10315,13556,11255,16677,14057,24979,14612,7655,10781,20784,18681,13505,12742,18737,18096,17961,15708,15065,19386,15638,19149,29803,26150,15867,19667,21665,20386,23229,21199,25834,24620,26302,30124,17013,26248,22777,23332,21354,20940,24317,38897,30653,25049,33405,33338,23640,40536,33460,23833,33139,32545,35189,32714,28258,35293,40019,34275,41613,31921,33010,26452,31123,29101,32354,31732
56669,30451,27622,27322,29649,24735,25913,24043,15571,18668,19642,16606,15607,6469,11067,15324,18304,15099,6029,12372,11026,12759,11988,15424,16151,15443,23967,22713,16936,15113,20335,26504,19513,27902,25859,19545,30227,24525,28636,18634,19942,14370,14694,23530,13767,18105,27633,12059,13270,15032,14138,9025,13943,11452,10528,14549,16445,8918,8790,9556,14003,12320,17048,9874,7781,16545,16204,16847,14387,18434,14797,21958,14919,24403,21912,15593,21008,14389,25798,22707,11269,13068,17045,21070,20700,17226,26483,25741,21839,30441,28091,25333,25339,22454,16831,27333,29365,19635,22472,22731,25272,24842,20391,18448,25262,27197,28231,21003,28039,27660,31237,30639,32762,27916,28335,25987,32711,31435,24584,35441,30977,30807,34276,36133,40942,32062,28393,25031
46829,29892,25316,28316,29239,21940,18534,32515,19478,14331,19622,19646,11367,11101,13850,10134,7677,13930,12823,11181,7746,12443,22784,17186,14157,10838,17917,22181,27103,26672,22752,25333,22773,28751,27398,34509,23731,24092,29669,18487,25488,20733,19647,14556,15879,21293,17401,7617,15320,13599,9907,9565,12371,17416,12683,25386,9206,13302,14156,8398,10327,11111,11767,11856,21482,9604,20937,24898,15776,16880,15041,18979,15812,12973,14529,19802,14290,19757,27986,14050,17282,15105,20336,22171,18663,22966,13910,24828,26370,22082,28711,16445,23038,15518,23957,25425,20940,21186,19305,15218,23253,21154,24833,20920,18780,27603,27100,17466,16652,26166,35221,28127,33786,25958,23455,31768,24603,29932,27553,31078,30534,37707,40576,46868,38479,30073,38814,32934
56070,29240,23868,27279,22909,21073,19225,32030,14431,11314,17827,16654,9269,7673,8445,12861,12145,16897,6821,9863,17372,12149,10539,13730,15619,13990,18126,29826,22353,18014,24685,17930,26141,27849,27357,39761,28742,20965,31448,29540,21752,25381,24940,22774,24310,22207,21225,12301,16754,7528,13814,17575,16775,9053,11047,8883,19695,10280,6880,14401,10545,12258,12348,17485,10970,10663,15751,16592,15286,13787,15216,14312,12249,14827,22547,17801,16387,19298,25605,14629,20781,25897,21337,18566,21071,23059,32822,23032,31010,31520,21139,23436,23263,24405,21708,21754,16035,17497,25721,14894,22552,30394,16545,15310,19349,23509,22732,17660,30809,21271,22791,25319,22585,23016,29647,28509,36807,32759,21925,24193,30756,32091,35271,29851,42896,28027,30725,26225
40830,33401,38631,32268,21957,20415,35345,23391,13655,21208,18510,14494,14217,17327,11214,9456,12947,15298,8885,10099,13590,10647,20099,14316,11903,17902,18101,19357,18506,34977,28529,24774,23710,33467,32159,22051,36901,29645,29317,33522,28496,34551,25106,21416,20819,25383,21372,11307,11170,15950,30149,10318,9626,12326,8132,10959,19330,17986,12138,12014,12007,14078,11697,12003,13634,13776,15081,10870,16882,15692,20289,21125,16440,18562,20496,16801,18776,29295,24676,15187,14418,19746,22131,18637,21211,24157,18905,24301,25308,26314,16628,18865,19470,26274,19630,21218,14594,17397,28154,26331,23988,23379,15399,25529,15288,18003,18906,14669,23149,19323,20439,20507,30935,27392,34012,20757,34715,29931,21063,33994,31149,32109,37605,37011,33611,32138,31213,36917
42240,25090,24815,22179,20661,26390,22070,18321,27415,27249,15566,18824,17618,12247,18491,21895,19422,10961,11215,8556,17735,12359,16785,19738,14882,19738,17571,20079,26317,18652,20579,21730,24798,24387,35943,35704,28359,32134,39262,29084,28683,22863,27625,24023,21685,20447,21404,18551,15433,17107,20746,11847,16802,12399,11492,20309,13894,18488,2249,14879,14732,19721,11722,19866,15656,19840,24106,13332,20144,20041,18617,24664,20372,19035,14811,11712,14445,19333,26248,12904,17284,18553,21166,17508,21272,19157,17723,16134,26042,23814,23723,21790,21362,22556,22471,22919,17071,21243,18804,25288,19775,16267,16494,26343,13484,14986,29038,16012,22129,30150,16005,30043,20915,23077,27488,29238,20962,26302,25776,25126,31834,22649,27247,22681,33420,40154,32157,24036
47823,24334,31268,31094,35469,20677,24139,23057,28300,21273,20328,21399,20001,10450,12344,18494,13739,15577,11487,11177,15810,11989,19361,12266,10274,13496,19098,17949,18807,20617,22719,33422,24053,31670,31107,27703,31746,31230,37695,34956,30208,36716,27217,23632,21073,29422,13136,21088,12463,12750,19719,9929,8233,7989,13881,11124,19155,11683,13562,6185,10895,27222,13461,12332,10543,9956,16582,23461,13436,23416,13329,15063,17240,13488,23090,18803,22892,14888,17836,16553,17641,21739,20002,24363,30187,17762,18786,16253,25431,17467,23313,19350,20202,24407,28211,22602,13788,18884,11729,21227,21572,24468,21805,27762,29951,19718,26978,16423,15176,25185,23725,17069,15635,17688,18804,19069,24468,27312,19861,24909,24012,28709,30686,21918,25446,24304,27377,26518
55364,26235,16299,23076,24226,23979,22496,32305,20390,19053,22768,16531,25108,11624,15627,20244,18820,15054,10599,16212,7136,15070,19065,21215,16056,25370,21374,18991,26078,20299,23377,28093,28482,36111,31623,26443,29481,30015,38529,36317,26075,31440,21211,28200,25508,21265,36074,15475,23860,22580,14061,14177,18042,9739,16055,16548,14112,14844,10564,25772,18139,10213,10370,10426,21574,15727,17406,17201,10024,15570,14000,16066,19415,22782,22148,17821,23117,15509,28482,20932,17477,15476,17763,23322,20614,15753,20581,8419,16976,20681,15826,12715,16902,14854,19372,23074,19642,17233,14430,18142,18481,19026,21663,16376,10188,28144,24377,13139,13849,17947,20867,24318,17395,19510,21296,16874,22978,27283,22985,22389,26335,31754,32069,23957,27103,26919,31337,26630
38483,24665,28217,20832,22166,18884,26812,21081,18761,11373,18199,20331,12893,13930,17251,11536,8676,17761,13665,10116,19142,16406,14025,18860,16668,15371,15759,15707,22347,31531,25135,42312,26808,38387,33901,29442,40198,34889,44825,35184,40708,37831,23826,24129,34833,18258,25577,18004,35136,25146,15607,9820,13204,8386,13720,12908,10672,11353,10282,9972,14431,14676,12131,12375,11856,9587,16079,21259,21726,17850,28849,23478,18061,18823,24176,28160,25771,14849,25013,16029,13737,17759,14633,26804,18930,16429,13634,22144,16031,14400,20449,16119,24329,10332,20045,26018,8435,25788,14109,16624,27527,16492,17885,15849,10556,33442,22122,13358,17566,17438,17496,22286,17589,18149,18426,11100,14781,25750,14094,18182,19433,23801,27254,27441,26529,26986,26988,24703
46559,22948,19088,24229,21561,24879,21468,17949,23784,14709,16805,18209,17192,10547,10815,20482,13744,14208,10829,17419,8641,17353,12675,23212,21036,12616,19769,18735,24699,25630,26380,30783,26974,34139,36022,34946,37528,37592,35691,36490,30695,31462,28431,25612,41026,23424,27622,24409,13966,17015,20767,20246,19853,12389,8526,16105,6446,11302,21278,6402,20965,11707,13141,9310,17077,10326,21332,18472,6588,25251,10487,14993,15937,21288,26011,29809,22659,19349,26160,15951,21767,15799,19657,27514,20026,14195,14426,14806,17090,32478,11659,11891,12559,19850,17207,13486,11208,16997,25203,17939,25035,18385,20676,26348,12396,17173,22570,14119,13805,17377,10763,17598,21489,13653,19578,16180,22908,30560,19492,18744,26598,24495,26717,40324,31881,23743,24822,30741
39225,25601,31341,26167,16949,25119,30570,22153,19335,19722,20722,22548,17896,10973,20244,11087,30312,11626,11789,10897,9733,15685,20173,17890,7349,17618,16767,23695,16979,27800,29329,36524,31249,26804,32613,27593,30818,34598,45179,45359,42812,38622,30587,37132,27077,26431,21872,15199,24825,28301,25792,10963,15671,15059,22552,10544,14747,18619,7263,15996,18816,16347,21056,8674,14096,10627,29580,19955,14762,11532,15543,17872,36494,22487,13927,22049,16968,19010,24348,21055,17781,19910,15200,18752,18187,14220,16833,11182,18855,12746,14511,14519,14347,14421,22230,23762,8005,11286,13752,22644,23613,16750,11021,19391,23341,22853,16025,12665,8060,16818,18021,21019,15193,17264,20812,19959,12304,14318,22126,15544,27364,22194,32636,23882,20555,23368,33023,21430
40168,27682,26214,21832,34503,19552,21768,18304,21079,20139,14791,16912,18688,12776,10884,20644,13884,17052,8287,10448,8442,17205,22416,17493,17477,22430,16980,23811,18925,26236,25808,28639,26653,32486,28757,38969,38250,38465,41544,30726,39697,39138,28325,28009,30741,28030,20516,26786,17186,22674,27433,20853,24531,17080,10003,13151,17434,12278,8531,9360,11459,11021,17838,9045,7408,11262,13265,16649,12791,13195,11839,16732,22467,20595,15115,20158,25773,25506,50593,12575,21131,18399,16052,22900,27661,23881,20707,16361,17542,20836,15526,15250,17727,16568,12476,22650,13170,15478,12223,20966,16123,13805,14365,15907,15345,22176,15802,16563,7873,21896,18016,15463,19308,16393,29568,17129,18623,21233,29859,19338,19134,28717,20041,22133,23531,25760,29108,25026
36961,22621,22868,22889,23405,26246,23519,19265,27386,16896,24159,22979,30567,14110,21149,16490,13362,17279,17141,18000,12047,13976,17454,26008,11711,17993,19903,20561,21366,16854,31889,35049,26044,41927,28903,41253,38136,31603,41017,37753,30046,30343,35371,30735,35210,32857,21243,24509,25945,19707,24857,18581,19878,24083,19250,14026,14096,11400,10417,12396,21508,9645,11874,10135,6539,8436,11455,23358,13308,11872,17371,17107,22758,20742,24441,39646,30037,19563,33804,24950,20659,27411,29170,20842,35638,12306,18079,13903,25506,18416,21822,12686,19200,13876,20454,21455,7678,9728,7423,22298,11737,12556,16672,15646,14954,21665,21088,18535,17297,25510,12194,22005,12059,12769,18640,15762,20602,21793,19629,22076,16574,23391,27432,21126,29841,23842,31447,26146
56463,21753,18504,16223,17812,26685,14993,28848,23056,19463,18005,18346,18454,12735,14367,18023,16383,15250,14066,13916,14055,19135,22621,15546,13048,25317,16788,28551,21253,21266,23429,41227,32523,39596,29430,33918,45780,34455,34963,34391,38841,34610,28136,29451,30982,31334,29511,26637,23414,18983,21559,11961,23316,20805,16706,21334,16397,14681,17280,7594,17352,23894,5250,12807,18982,12885,12796,23804,15282,13661,21032,13610,26594,19456,18284,21924,41630,31374,24294,25669,27376,33035,20400,25809,30696,25022,21319,21970,16822,20969,20276,12382,16347,17483,16183,17233,9562,20066,13296,10829,15663,28523,9707,20572,9451,16016,23292,10248,13768,21142,16748,14315,12881,26218,13740,13720,17209,22903,10038,14955,25503,18950,21513,25460,30850,20572,22403,28330
42374,25432,20879,19060,21173,19894,24230,18976,23376,17419,24061,21800,17397,23682,22578,23828,20593,27205,19183,22595,9742,15711,17801,16159,16913,20459,23060,21173,22053,23851,24572,31840,24998,30408,33749,28902,31398,33601,54624,34079,35033,39220,35025,37355,31392,30350,20175,19831,30476,18899,23071,14276,13672,19762,17344,13659,15294,8066,12554,15930,14762,10447,8833,1109,17991,14264,16483,10740,11253,21282,11423,27550,21000,16850,19992,20654,20485,29728,32717,34197,28380,30432,28649,30145,22712,25410,20780,16415,15803,10044,21077,14814,15013,21148,21581,21565,9970,18213,14317,14207,19348,15444,17532,13937,23121,18000,17642,26718,18685,18636,20550,15210,25769,18385,13489,11691,18999,23948,16135,19821,24073,14982,26341,23614,15959,20163,25740,20282
31378,27139,21009,22646,28116,33097,28330,17220,22184,23432,16538,28978,13336,21109,14540,12695,33374,24514,22175,20302,13467,16228,27309,13975,18065,17874,16957,31141,16103,30264,23394,25184,33486,34942,27118,26260,35937,37933,32439,35119,29350,38747,21486,27831,32720,27558,21792,23319,25135,24752,28566,18979,16765,16624,14373,11965,26749,13576,8825,15945,12091,9829,13966,8698,18369,12726,9633,17259,10267,17248,9046,20329,27239,23531,21595,27460,25625,36705,35282,19898,18857,19532,29202,31168,38564,18348,17197,19465,19309,26469,22170,17249,16718,16968,19517,23177,14574,12584,18835,15833,27356,14988,18648,14979,14114,31162,14400,18362,16915,21479,23279,17954,18531,14060,14894,14014,17185,17122,18176,20878,25776,25287,19314,16316,20081,20887,19179,20330
38743,21479,28670,18846,21473,26634,26108,17796,24648,20024,15773,19649,17115,12951,21029,24738,19418,25483,18189,16991,19361,10890,24347,25707,11567,21830,16234,26717,22142,43140,32012,21873,28347,28890,33399,26353,24321,29977,33163,37164,28720,35164,28551,25688,37720,34693,35829,23080,19348,16285,16682,18445,28842,18145,13371,19302,8413,10989,6142,21826,8313,7109,6406,4860,17444,11689,13199,11083,17483,12826,23869,26959,20206,24873,36039,27161,24633,26130,35385,22383,35800,29276,27954,22818,28023,22720,28528,20689,28481,25119,15448,21527,12102,22579,21111,19498,12692,21540,12885,17177,23794,14684,12287,17187,12178,19716,10192,15292,9855,13192,24023,26668,13326,19757,18601,13833,17067,13122,17393,21538,18184,23013,22267,27903,24250,18242,17694,22534
36605,15529,29349,17411,19858,17229,29657,26392,18900,17490,22536,24209,21195,17151,14922,23364,20811,17512,18051,17425,14045,19015,23119,18450,13099,20705,36047,24417,25233,27516,25530,23760,20215,26494,31919,29798,35613,35419,29162,34092,31999,33229,28647,24468,30564,27369,26819,24795,18453,20683,19990,17573,18357,15005,19289,20258,15019,7828,12524,16924,17741,9983,9883,14749,13989,9349,14699,22114,25233,13256,11720,17629,26106,20523,23287,23246,21691,24061,37292,33020,27892,22613,26836,24544,28030,24511,27245,26632,28914,19494,16568,18424,27631,20805,18125,45986,10569,13264,19315,14670,22291,12661,11939,18264,18787,14774,20895,10043,9699,17234,13762,29956,17108,11483,26227,15795,13136,18812,19401,17212,20728,14777,27635,15287,19495,21489,18730,31812
36335,15246,13493,20727,16025,20610,20757,19193,16191,16761,19298,19292,20411,11956,15747,18241,18740,23258,15869,24429,20396,26324,17343,20638,13513,17352,30785,21635,24446,21013,15419,22135,23992,34961,23482,32073,19780,30955,28439,28460,35429,21426,27751,22555,25213,25697,25232,16532,24759,16408,26480,21272,20505,16134,14990,22494,15121,11965,12516,14603,19034,15343,16580,16629,10516,10819,22122,13585,15389,29618,14055,23224,28514,19951,23231,38114,35822,47412,36763,28076,35291,36580,35115,33029,26627,28704,25221,34547,25759,23536,26582,28053,19143,19117,23441,18631,6693,14455,12027,18663,13533,11494,13545,10793,17231,19627,17394,20928,12693,22564,13570,15979,14370,12341,21725,18009,9029,22431,19613,15457,33699,19136,24016,14000,18263,21426,13289,15300
40088,15745,27283,20104,20130,29929,13803,18840,20732,12317,21633,22163,21760,14818,29210,19304,23627,20452,19102,29649,14045,27657,18682,20636,11650,12968,11969,23492,25749,12490,36455,29589,31093,29674,21401,24166,25279,20783,35542,25146,18685,26451,26323,24648,25477,21855,27208,19040,21040,18311,28405,19143,20495,25653,19532,18502,12986,16765,12111,14811,12834,14171,12313,5068,16691,16318,19671,23368,13612,14438,16870,17521,28872,25549,22970,27425,44841,26760,36174,26050,26196,28587,36980,44934,26720,33200,36867,33362,37062,30413,22033,21138,23864,20030,24399,17849,15350,24500,15785,14897,22804,18602,18491,13982,16108,24743,17791,13425,10801,17050,21215,11774,13902,15724,14535,17172,18944,19074,27387,17537,19185,19139,19381,14902,24390,21684,27693,19646
28184,18780,18482,14932,22726,23450,13486,20820,18057,17691,19441,16143,31468,15795,25567,25419,23291,22380,14139,16619,15749,23611,13865,15901,18577,19541,20680,22769,22837,19451,15937,22762,22044,22310,18743,14080,24110,16907,28501,25709,20290,24610,17615,22127,34325,25526,18648,17528,17738,20776,27606,17524,26011,28561,22587,18118,23218,25426,13549,13180,16901,13511,16209,8495,15650,15210,13232,25390,20375,21386,19361,27878,21929,20617,23176,28170,28569,37332,34888,37575,32377,41007,45272,38857,33830,34192,36073,28329,34116,27578,20922,19558,33728,27280,27159,24838,11393,20287,20217,12978,17665,16653,18385,19121,10255,13706,12992,17752,16048,12127,26992,17806,17112,20821,14009,13581,24278,21118,22868,20901,16848,31016,23077,17465,23283,36232,20459,22012
28646,21876,22937,17473,17479,22445,18887,22837,18101,16272,27363,22106,11923,19264,17478,29156,22360,22501,13879,19928,16627,17188,23419,17734,19438,16443,15938,12636,15934,11566,10607,23804,9827,24650,28435,17601,18056,17462,33272,20739,15062,21761,20376,16662,31271,17901,20947,18739,22079,21908,28443,13373,27272,18202,13786,18671,18374,13797,13146,12082,15241,16462,18397,12746,15776,13344,16919,25341,15777,14281,24186,22393,26284,20124,30451,32629,33302,27237,35745,39119,29631,37524,35488,33409,34491,43727,34857,39624,33478,30723,33221,18835,19020,33586,19854,26174,21745,11786,22314,13050,16369,19497,9686,12600,14214,24113,15666,10442,25801,25177,16543,15836,16428,18327,21386,14102,21044,23470,25219,25468,16442,23249,26017,18888,24439,18665,18801,22252
38657,18158,20980,19466,19823,21786,25736,20272,30395,7770,19751,17064,16146,27439,10776,20466,23257,16774,15577,22564,14834,14708,17932,13683,11082,18806,20732,23499,10530,16862,16282,17599,15358,20466,14826,19153,32592,15154,23466,21868,21777,20962,18304,16709,33356,22971,28533,27343,16642,17668,30426,14985,24190,21353,17065,21816,22491,17980,16067,18618,14764,18252,13746,12271,13158,12715,17703,19528,22693,21801,21294,24411,40347,26186,31211,32176,24063,25453,37577,37225,34945,38296,32956,33453,39608,34008,36998,25153,31076,29560,26502,32186,22674,32584,17544,24905,20533,18731,15629,22648,15869,24119,9386,14815,7948,8549,14691,15567,9030,19877,16329,17376,15140,10618,16766,10663,22130,17973,17086,13129,28757,28862,22482,24738,35036,22356,19271,28754
23137,15618,21630,15832,17602,16855,25511,14416,21704,20538,20842,22579,16490,16681,18310,22359,20230,18501,16751,15763,14257,21281,28424,11250,12056,13913,12536,22408,9414,10772,13983,11587,11421,13872,18372,13462,16286,11788,17810,23309,21088,14120,19648,17832,22652,25004,22825,22757,24707,20460,29093,25937,19015,30312,24337,22751,26027,22005,17413,26502,16959,16136,17164,20887,19537,24159,25019,36085,25258,16806,35604,22789,31573,25652,21866,36839,35528,24442,42513,40093,25050,39306,28068,47475,33789,29441,36058,32371,40405,31676,35007,31122,25564,26449,27600,24754,14073,16358,16742,20891,15955,18287,11688,9883,11400,15836,18827,9588,14184,18550,15782,19608,16788,15199,12377,14175,16553,19491,16376,20400,13222,23393,27144,20666,31456,22394,20390,18129
30885,20897,14545,14982,30576,16265,17822,17027,24621,13775,14504,17595,17670,10577,13484,13579,20424,21191,24272,22163,23596,14137,11436,18861,12432,16411,20828,23987,12885,13514,14403,13619,19740,19590,12926,24906,20907,14049,20338,17325,15372,7097,16325,18315,30359,13283,18566,21185,24209,15762,27640,21631,23654,25799,25552,28922,28759,18467,18165,17186,23709,19290,24720,15798,28131,26379,25395,14156,16703,18274,22779,25561,23323,29622,26330,37005,31580,23707,50027,30843,43586,39086,30538,35284,31448,27094,38573,36526,28161,37537,28158,25404,29715,20087,37115,18983,14394,17303,19507,21126,14909,13628,13781,18253,7353,15941,7983,14954,9717,11261,9775,20015,18710,17999,17845,15087,20995,17988,18828,23906,28641,33635,27465,21166,29709,22524,26110,18425
32724,24963,26487,17869,14996,22192,18124,18487,16240,19373,14778,21544,14369,11994,20464,13699,21707,20571,12197,19874,8437,11910,19099,16536,5548,14459,15251,16327,9977,7630,11674,16554,16528,12124,12546,14538,11967,10486,13551,18580,19161,23404,18532,20518,19143,19225,21912,16250,26871,20733,27054,18715,20300,29640,23644,22307,26573,20352,19558,24926,24605,26697,20395,24515,18868,19992,24532,21040,24235,16707,20693,26964,25927,34696,23702,28486,29690,38204,31870,32684,24713,22339,38245,35531,40189,36923,37610,34039,31220,28342,25976,24100,24541,34401,27705,34787,14399,24597,16499,19924,30706,8392,18158,19617,18249,15469,17549,10729,15396,16151,15234,16731,15745,24733,25220,13957,18466,21313,19402,27428,18243,22785,33658,22205,18793,23258,24666,19265
65535,13974,18592,17676,19338,19861,14034,15706,15166,23604,9867,16719,19111,16973,17602,12303,15533,19513,10081,9555,12189,18428,10453,10807,13815,13081,17292,12537,9179,16885,21264,20113,8317,16897,22234,14648,23208,15591,18010,16031,21686,18789,21598,18035,13859,20495,15053,20972,27097,21438,21613,20101,19030,21360,27395,27202,26388,22701,21326,25737,23587,31987,16307,17023,28146,18355,27087,18199,21932,21003,17356,30906,27178,28601,32538,27548,33260,30141,27807,28602,26077,28480,40204,36088,37321,40028,30309,24765,37667,34094,28129,24289,30091,29603,34826,28736,18038,18663,16902,13154,18559,23580,14694,13014,8002,17512,16879,16322,11914,17171,18449,16636,14304,16204,24398,18191,20603,23329,19642,26798,31517,21374,30079,26726,22696,44106,24546,23996
40657,23554,18627,21225,17679,30544,22490,25590,15326,17701,11344,19590,19742,15323,13248,10197,12996,16969,14700,16440,11929,19327,21977,11858,10264,16835,21341,16963,16719,13272,10507,19580,14401,26756,16024,9453,15594,19237,18718,18370,24936,19217,10695,18903,20130,22185,17198,15029,35675,22824,31037,29397,29239,24393,25261,27767,27395,35655,21467,26141,27792,26988,25121,18755,22249,29879,18437,33082,24573,17523,23420,17285,19922,22240,19331,28553,26348,21139,23557,22551,35583,29625,29226,28585,33152,29556,35886,36754,38592,23430,24604,32390,23075,30394,25610,23348,18409,18164,16509,15155,23409,10072,19808,28648,13123,18205,13744,16231,12065,15261,12048,15373,15784,21965,26993,30337,27023,30046,22150,19878,27725,25414,29850,24801,21235,25333,26514,19775
